-- phpMyAdmin SQL Dump
-- version 3.4.5
-- http://www.phpmyadmin.net
--
-- Host: localhost
-- Generation Time: Nov 03, 2011 at 04:20 PM
-- Server version: 5.5.16
-- PHP Version: 5.3.8

SET SQL_MODE="NO_AUTO_VALUE_ON_ZERO";
SET time_zone = "+00:00";


/*!40101 SET @OLD_CHARACTER_SET_CLIENT=@@CHARACTER_SET_CLIENT */;
/*!40101 SET @OLD_CHARACTER_SET_RESULTS=@@CHARACTER_SET_RESULTS */;
/*!40101 SET @OLD_COLLATION_CONNECTION=@@COLLATION_CONNECTION */;
/*!40101 SET NAMES utf8 */;

--
-- Database: `orakulas`
--

--
-- Dumping data for table `department`
--

INSERT INTO `department` (`id`, `code`, `name`) VALUES
(1, 'PA1', 'Padalinys 1'),
(2, 'PA2', 'Padalinys 2'),
(3, 'PA3', 'Padalinys 3'),
(4, 'PA4', 'Padalinys 4'),
(5, 'PA5', 'Padalinys 5'),
(6, 'PA6', 'Padalinys 6'),
(7, 'PA7', 'Padalinys 7'),
(8, 'PA8', 'Padalinys 8'),
(9, 'PA9', 'Padalinys 9'),
(10, 'PA10', 'Padalinys 10'),
(11, 'PA11', 'Padalinys 11'),
(12, 'PA12', 'Padalinys 12');

--
-- Dumping data for table `department_info_sys_usage`
--

INSERT INTO `department_info_sys_usage` (`id`, `informational_system_id`, `department_id`) VALUES
(1, 1, 1),
(2, 1, 2),
(3, 1, 3),
(4, 1, 4),
(5, 1, 5),
(6, 1, 6),
(7, 1, 7),
(8, 1, 8),
(9, 1, 9),
(10, 1, 10),
(11, 1, 11),
(12, 1, 12),
(13, 2, 1),
(14, 2, 2),
(15, 2, 6),
(16, 2, 9),
(17, 2, 11),
(18, 2, 12),
(19, 3, 3),
(20, 3, 8),
(21, 4, 1),
(22, 4, 2),
(23, 4, 7),
(24, 4, 10),
(25, 4, 12),
(26, 5, 2),
(27, 5, 5),
(28, 5, 6),
(29, 5, 9),
(30, 6, 10),
(31, 7, 4),
(32, 7, 8),
(33, 7, 10),
(34, 7, 12),
(35, 8, 3),
(36, 9, 1),
(37, 9, 5),
(38, 9, 9),
(39, 10, 1),
(40, 10, 3),
(41, 10, 7),
(42, 10, 8),
(43, 10, 10),
(44, 10, 12);

--
-- Dumping data for table `informational_system`
--

INSERT INTO `informational_system` (`id`, `code`, `name`) VALUES
(1, 'IS1', 'Finansų apskaitos ir valdymo'),
(2, 'IS2', 'Išmokų vykdymo'),
(3, 'IS3', 'Kontrolės su registrais '),
(4, 'IS4', 'Skolininkų valdymo'),
(5, 'IS5', 'Duomenų analizės'),
(6, 'IS6', 'Dokumentų valdymo'),
(7, 'IS7', 'Vaizdų kaupimo ir analizės'),
(8, 'IS8', 'Patikros užduočių planavimo '),
(9, 'IS9', 'Patikros užduočių vykdymo '),
(10, 'IS10', 'Vidaus audito sistema');

--
-- Dumping data for table `support_administration_time`
--

INSERT INTO `support_administration_time` (`id`, `department_id`, `support_type_id`, `hours_count`) VALUES
(1, 1, 1, 1),
(2, 2, 1, 1),
(3, 4, 1, 0.5),
(4, 7, 1, 1),
(5, 10, 1, 0.5),
(6, 2, 2, 0.5),
(7, 4, 2, 1),
(8, 5, 2, 0.5),
(9, 7, 2, 0.5),
(10, 10, 2, 1),
(11, 12, 2, 0.5),
(12, 1, 3, 1),
(13, 2, 3, 0.5),
(14, 7, 3, 1),
(15, 10, 3, 0.5),
(16, 3, 4, 0.5),
(17, 5, 4, 1),
(18, 8, 4, 1),
(19, 1, 5, 1),
(20, 4, 5, 0.5),
(21, 7, 5, 0.5),
(22, 11, 5, 1),
(23, 12, 5, 1),
(24, 3, 6, 1),
(25, 8, 6, 0.5),
(26, 12, 6, 1),
(27, 2, 7, 1),
(28, 8, 7, 0.5),
(29, 11, 7, 0.5),
(30, 4, 8, 0.5),
(31, 6, 8, 1),
(32, 8, 8, 0.5),
(33, 1, 9, 1),
(34, 8, 9, 0.5),
(35, 11, 9, 0.5),
(36, 3, 10, 1),
(37, 5, 10, 0.5),
(38, 11, 10, 1),
(39, 1, 11, 1),
(40, 9, 11, 0.5),
(41, 10, 11, 0.5),
(42, 6, 12, 1),
(43, 11, 12, 0.5),
(44, 2, 13, 1),
(45, 4, 13, 1),
(46, 8, 13, 0.5),
(47, 12, 13, 0.5),
(48, 6, 14, 0.5),
(49, 11, 14, 0.5),
(50, 12, 14, 1),
(51, 3, 15, 1),
(52, 5, 15, 1),
(53, 3, 16, 0.5),
(54, 8, 16, 0.5),
(55, 9, 16, 1),
(56, 1, 17, 1),
(57, 4, 17, 1),
(58, 7, 18, 2),
(59, 9, 18, 0.5),
(60, 2, 19, 1),
(61, 6, 19, 2),
(62, 5, 20, 0.5),
(63, 8, 20, 0.5),
(64, 10, 20, 0.5),
(65, 11, 20, 0.5),
(66, 1, 21, 1),
(67, 10, 21, 2),
(68, 3, 22, 0.5),
(69, 9, 22, 0.5),
(70, 12, 22, 0.5),
(71, 4, 23, 0.5),
(72, 6, 23, 2),
(73, 2, 24, 1),
(74, 7, 24, 0.5),
(75, 10, 24, 1),
(76, 11, 24, 0.5),
(77, 1, 25, 1),
(78, 4, 25, 1),
(79, 10, 25, 1),
(80, 3, 26, 0.5),
(81, 5, 26, 1),
(82, 6, 26, 1),
(83, 9, 26, 1),
(84, 2, 27, 1),
(85, 5, 27, 1),
(86, 8, 27, 1),
(87, 10, 27, 1);

--
-- Dumping data for table `support_category`
--

INSERT INTO `support_category` (`id`, `name`) VALUES
(2, 'Aplinkos ir kraštovaizdžio gerinimas'),
(3, 'Gyvenimo kokybė kaimo vietovėse ir kaimo ekonomikos įvairinimas'),
(1, 'Žemės, maisto ūkio ir miškininkystės sektoriaus konkurencingumo didinimas'),
(4, '„Leader“  metodu įgyvendinamos priemonės');

--
-- Dumping data for table `support_history`
--

INSERT INTO `support_history` (`id`, `support_type_id`, `year`, `month`, `support_request_count`) VALUES
(1, 1, 2008, 1, 15),
(2, 1, 2008, 2, 27),
(3, 1, 2008, 3, 31),
(4, 1, 2008, 4, 33),
(5, 1, 2008, 5, 36),
(6, 1, 2008, 6, 13),
(7, 1, 2008, 7, 14),
(8, 1, 2008, 8, 12),
(9, 1, 2008, 9, 10),
(10, 1, 2008, 10, 11),
(11, 1, 2008, 11, 13),
(12, 1, 2008, 12, 15),
(13, 1, 2009, 1, 13),
(14, 1, 2009, 2, 26),
(15, 1, 2009, 3, 34),
(16, 1, 2009, 4, 36),
(17, 1, 2009, 5, 37),
(18, 1, 2009, 6, 16),
(19, 1, 2009, 7, 16),
(20, 1, 2009, 8, 13),
(21, 1, 2009, 9, 13),
(22, 1, 2009, 10, 12),
(23, 1, 2009, 11, 14),
(24, 1, 2009, 12, 16),
(25, 1, 2010, 1, 17),
(26, 1, 2010, 2, 29),
(27, 1, 2010, 3, 37),
(28, 1, 2010, 4, 39),
(29, 1, 2010, 5, 40),
(30, 1, 2010, 6, 18),
(31, 1, 2010, 7, 17),
(32, 1, 2010, 8, 15),
(33, 1, 2010, 9, 14),
(34, 1, 2010, 10, 13),
(35, 1, 2010, 11, 17),
(36, 1, 2010, 12, 18),
(37, 1, 2011, 1, 19),
(38, 1, 2011, 2, 21),
(39, 1, 2011, 3, 30),
(40, 1, 2011, 4, 36),
(41, 1, 2011, 5, 40),
(42, 1, 2011, 6, 40),
(43, 1, 2011, 7, 19),
(44, 1, 2011, 8, 16),
(45, 1, 2011, 9, 15),
(46, 1, 2011, 10, 15),
(47, 2, 2008, 1, 73),
(48, 2, 2008, 2, 118),
(49, 2, 2008, 3, 137),
(50, 2, 2008, 4, 139),
(51, 2, 2008, 5, 155),
(52, 2, 2008, 6, 56),
(53, 2, 2008, 7, 65),
(54, 2, 2008, 8, 59),
(55, 2, 2008, 9, 50),
(56, 2, 2008, 10, 53),
(57, 2, 2008, 11, 60),
(58, 2, 2008, 12, 72),
(59, 2, 2009, 1, 67),
(60, 2, 2009, 2, 114),
(61, 2, 2009, 3, 143),
(62, 2, 2009, 4, 153),
(63, 2, 2009, 5, 154),
(64, 2, 2009, 6, 72),
(65, 2, 2009, 7, 72),
(66, 2, 2009, 8, 58),
(67, 2, 2009, 9, 61),
(68, 2, 2009, 10, 52),
(69, 2, 2009, 11, 68),
(70, 2, 2009, 12, 68),
(71, 2, 2010, 1, 72),
(72, 2, 2010, 2, 122),
(73, 2, 2010, 3, 157),
(74, 2, 2010, 4, 168),
(75, 2, 2010, 5, 165),
(76, 2, 2010, 6, 86),
(77, 2, 2010, 7, 77),
(78, 2, 2010, 8, 64),
(79, 2, 2010, 9, 65),
(80, 2, 2010, 10, 64),
(81, 2, 2010, 11, 72),
(82, 2, 2010, 12, 86),
(83, 2, 2011, 1, 85),
(84, 2, 2011, 2, 91),
(85, 2, 2011, 3, 125),
(86, 2, 2011, 4, 150),
(87, 2, 2011, 5, 168),
(88, 2, 2011, 6, 170),
(89, 2, 2011, 7, 88),
(90, 2, 2011, 8, 72),
(91, 2, 2011, 9, 69),
(92, 2, 2011, 10, 65),
(93, 3, 2008, 1, 155),
(94, 3, 2008, 2, 56),
(95, 3, 2008, 3, 65),
(96, 3, 2008, 4, 59),
(97, 3, 2008, 5, 50),
(98, 3, 2008, 6, 53),
(99, 3, 2008, 7, 60),
(100, 3, 2008, 8, 72),
(101, 3, 2008, 9, 67),
(102, 3, 2008, 10, 114),
(103, 3, 2008, 11, 143),
(104, 3, 2008, 12, 153),
(105, 3, 2009, 1, 150),
(106, 3, 2009, 2, 53),
(107, 3, 2009, 3, 60),
(108, 3, 2009, 4, 55),
(109, 3, 2009, 5, 46),
(110, 3, 2009, 6, 49),
(111, 3, 2009, 7, 58),
(112, 3, 2009, 8, 66),
(113, 3, 2009, 9, 66),
(114, 3, 2009, 10, 99),
(115, 3, 2009, 11, 134),
(116, 3, 2009, 12, 147),
(117, 3, 2010, 1, 49),
(118, 3, 2010, 2, 53),
(119, 3, 2010, 3, 49),
(120, 3, 2010, 4, 41),
(121, 3, 2010, 5, 41),
(122, 3, 2010, 6, 50),
(123, 3, 2010, 7, 58),
(124, 3, 2010, 8, 61),
(125, 3, 2010, 9, 89),
(126, 3, 2010, 10, 124),
(127, 3, 2010, 11, 133),
(128, 3, 2010, 12, 141),
(129, 3, 2011, 1, 41),
(130, 3, 2011, 2, 46),
(131, 3, 2011, 3, 40),
(132, 3, 2011, 4, 35),
(133, 3, 2011, 5, 34),
(134, 3, 2011, 6, 45),
(135, 3, 2011, 7, 50),
(136, 3, 2011, 8, 53),
(137, 3, 2011, 9, 81),
(138, 3, 2011, 10, 119),
(139, 4, 2008, 1, 70),
(140, 4, 2008, 2, 108),
(141, 4, 2008, 3, 158),
(142, 4, 2008, 4, 207),
(143, 4, 2008, 5, 74),
(144, 4, 2008, 6, 87),
(145, 4, 2008, 7, 79),
(146, 4, 2008, 8, 67),
(147, 4, 2008, 9, 71),
(148, 4, 2008, 10, 80),
(149, 4, 2008, 11, 96),
(150, 4, 2008, 12, 89),
(151, 4, 2009, 1, 152),
(152, 4, 2009, 2, 190),
(153, 4, 2009, 3, 205),
(154, 4, 2009, 4, 200),
(155, 4, 2009, 5, 70),
(156, 4, 2009, 6, 81),
(157, 4, 2009, 7, 74),
(158, 4, 2009, 8, 62),
(159, 4, 2009, 9, 65),
(160, 4, 2009, 10, 77),
(161, 4, 2009, 11, 88),
(162, 4, 2009, 12, 89),
(163, 4, 2010, 1, 132),
(164, 4, 2010, 2, 179),
(165, 4, 2010, 3, 196),
(166, 4, 2010, 4, 66),
(167, 4, 2010, 5, 71),
(168, 4, 2010, 6, 66),
(169, 4, 2010, 7, 55),
(170, 4, 2010, 8, 54),
(171, 4, 2010, 9, 67),
(172, 4, 2010, 10, 77),
(173, 4, 2010, 11, 81),
(174, 4, 2010, 12, 118),
(175, 4, 2011, 1, 166),
(176, 4, 2011, 2, 178),
(177, 4, 2011, 3, 188),
(178, 4, 2011, 4, 55),
(179, 4, 2011, 5, 62),
(180, 4, 2011, 6, 54),
(181, 4, 2011, 7, 47),
(182, 4, 2011, 8, 45),
(183, 4, 2011, 9, 60),
(184, 4, 2011, 10, 67),
(185, 5, 2008, 1, 117),
(186, 5, 2008, 2, 195),
(187, 5, 2008, 3, 228),
(188, 5, 2008, 4, 257),
(189, 5, 2008, 5, 233),
(190, 5, 2008, 6, 105),
(191, 5, 2008, 7, 109),
(192, 5, 2008, 8, 96),
(193, 5, 2008, 9, 91),
(194, 5, 2008, 10, 104),
(195, 5, 2008, 11, 113),
(196, 5, 2008, 12, 115),
(197, 5, 2009, 1, 138),
(198, 5, 2009, 2, 219),
(199, 5, 2009, 3, 265),
(200, 5, 2009, 4, 268),
(201, 5, 2009, 5, 235),
(202, 5, 2009, 6, 126),
(203, 5, 2009, 7, 118),
(204, 5, 2009, 8, 101),
(205, 5, 2009, 9, 100),
(206, 5, 2009, 10, 100),
(207, 5, 2009, 11, 117),
(208, 5, 2009, 12, 122),
(209, 5, 2010, 1, 150),
(210, 5, 2010, 2, 226),
(211, 5, 2010, 3, 278),
(212, 5, 2010, 4, 241),
(213, 5, 2010, 5, 253),
(214, 5, 2010, 6, 131),
(215, 5, 2010, 7, 115),
(216, 5, 2010, 8, 108),
(217, 5, 2010, 9, 110),
(218, 5, 2010, 10, 104),
(219, 5, 2010, 11, 126),
(220, 5, 2010, 12, 150),
(221, 5, 2011, 1, 169),
(222, 5, 2011, 2, 180),
(223, 5, 2011, 3, 236),
(224, 5, 2011, 4, 226),
(225, 5, 2011, 5, 249),
(226, 5, 2011, 6, 246),
(227, 5, 2011, 7, 124),
(228, 5, 2011, 8, 118),
(229, 5, 2011, 9, 111),
(230, 5, 2011, 10, 112),
(231, 6, 2008, 1, 129),
(232, 6, 2008, 2, 215),
(233, 6, 2008, 3, 252),
(234, 6, 2008, 4, 277),
(235, 6, 2008, 5, 256),
(236, 6, 2008, 6, 120),
(237, 6, 2008, 7, 141),
(238, 6, 2008, 8, 116),
(239, 6, 2008, 9, 104),
(240, 6, 2008, 10, 123),
(241, 6, 2008, 11, 141),
(242, 6, 2008, 12, 130),
(243, 6, 2009, 1, 165),
(244, 6, 2009, 2, 249),
(245, 6, 2009, 3, 285),
(246, 6, 2009, 4, 287),
(247, 6, 2009, 5, 248),
(248, 6, 2009, 6, 152),
(249, 6, 2009, 7, 134),
(250, 6, 2009, 8, 113),
(251, 6, 2009, 9, 126),
(252, 6, 2009, 10, 123),
(253, 6, 2009, 11, 139),
(254, 6, 2009, 12, 144),
(255, 6, 2010, 1, 174),
(256, 6, 2010, 2, 244),
(257, 6, 2010, 3, 303),
(258, 6, 2010, 4, 272),
(259, 6, 2010, 5, 270),
(260, 6, 2010, 6, 144),
(261, 6, 2010, 7, 132),
(262, 6, 2010, 8, 125),
(263, 6, 2010, 9, 143),
(264, 6, 2010, 10, 118),
(265, 6, 2010, 11, 145),
(266, 6, 2010, 12, 164),
(267, 6, 2011, 1, 190),
(268, 6, 2011, 2, 207),
(269, 6, 2011, 3, 268),
(270, 6, 2011, 4, 243),
(271, 6, 2011, 5, 280),
(272, 6, 2011, 6, 265),
(273, 6, 2011, 7, 158),
(274, 6, 2011, 8, 142),
(275, 6, 2011, 9, 124),
(276, 6, 2011, 10, 139),
(277, 7, 2008, 1, 162),
(278, 7, 2008, 2, 221),
(279, 7, 2008, 3, 259),
(280, 7, 2008, 4, 305),
(281, 7, 2008, 5, 297),
(282, 7, 2008, 6, 143),
(283, 7, 2008, 7, 156),
(284, 7, 2008, 8, 149),
(285, 7, 2008, 9, 122),
(286, 7, 2008, 10, 144),
(287, 7, 2008, 11, 157),
(288, 7, 2008, 12, 161),
(289, 7, 2009, 1, 183),
(290, 7, 2009, 2, 267),
(291, 7, 2009, 3, 324),
(292, 7, 2009, 4, 296),
(293, 7, 2009, 5, 289),
(294, 7, 2009, 6, 162),
(295, 7, 2009, 7, 170),
(296, 7, 2009, 8, 127),
(297, 7, 2009, 9, 146),
(298, 7, 2009, 10, 152),
(299, 7, 2009, 11, 173),
(300, 7, 2009, 12, 166),
(301, 7, 2010, 1, 196),
(302, 7, 2010, 2, 281),
(303, 7, 2010, 3, 332),
(304, 7, 2010, 4, 269),
(305, 7, 2010, 5, 283),
(306, 7, 2010, 6, 163),
(307, 7, 2010, 7, 167),
(308, 7, 2010, 8, 155),
(309, 7, 2010, 9, 178),
(310, 7, 2010, 10, 133),
(311, 7, 2010, 11, 182),
(312, 7, 2010, 12, 196),
(313, 7, 2011, 1, 208),
(314, 7, 2011, 2, 238),
(315, 7, 2011, 3, 294),
(316, 7, 2011, 4, 287),
(317, 7, 2011, 5, 284),
(318, 7, 2011, 6, 307),
(319, 7, 2011, 7, 179),
(320, 7, 2011, 8, 168),
(321, 7, 2011, 9, 166),
(322, 7, 2011, 10, 148),
(323, 8, 2008, 1, 43),
(324, 8, 2008, 2, 71),
(325, 8, 2008, 3, 84),
(326, 8, 2008, 4, 92),
(327, 8, 2008, 5, 85),
(328, 8, 2008, 6, 40),
(329, 8, 2008, 7, 47),
(330, 8, 2008, 8, 38),
(331, 8, 2008, 9, 34),
(332, 8, 2008, 10, 41),
(333, 8, 2008, 11, 47),
(334, 8, 2008, 12, 43),
(335, 8, 2009, 1, 55),
(336, 8, 2009, 2, 83),
(337, 8, 2009, 3, 95),
(338, 8, 2009, 4, 95),
(339, 8, 2009, 5, 82),
(340, 8, 2009, 6, 50),
(341, 8, 2009, 7, 44),
(342, 8, 2009, 8, 37),
(343, 8, 2009, 9, 42),
(344, 8, 2009, 10, 41),
(345, 8, 2009, 11, 46),
(346, 8, 2009, 12, 48),
(347, 8, 2010, 1, 58),
(348, 8, 2010, 2, 81),
(349, 8, 2010, 3, 101),
(350, 8, 2010, 4, 90),
(351, 8, 2010, 5, 90),
(352, 8, 2010, 6, 48),
(353, 8, 2010, 7, 44),
(354, 8, 2010, 8, 41),
(355, 8, 2010, 9, 47),
(356, 8, 2010, 10, 39),
(357, 8, 2010, 11, 48),
(358, 8, 2010, 12, 54),
(359, 8, 2011, 1, 63),
(360, 8, 2011, 2, 69),
(361, 8, 2011, 3, 89),
(362, 8, 2011, 4, 81),
(363, 8, 2011, 5, 93),
(364, 8, 2011, 6, 88),
(365, 8, 2011, 7, 52),
(366, 8, 2011, 8, 47),
(367, 8, 2011, 9, 41),
(368, 8, 2011, 10, 46),
(369, 9, 2008, 1, 246),
(370, 9, 2008, 2, 124),
(371, 9, 2008, 3, 118),
(372, 9, 2008, 4, 111),
(373, 9, 2008, 5, 112),
(374, 9, 2008, 6, 117),
(375, 9, 2008, 7, 195),
(376, 9, 2008, 8, 228),
(377, 9, 2008, 9, 257),
(378, 9, 2008, 10, 233),
(379, 9, 2008, 11, 105),
(380, 9, 2008, 12, 109),
(381, 9, 2009, 1, 96),
(382, 9, 2009, 2, 91),
(383, 9, 2009, 3, 104),
(384, 9, 2009, 4, 113),
(385, 9, 2009, 5, 115),
(386, 9, 2009, 6, 138),
(387, 9, 2009, 7, 219),
(388, 9, 2009, 8, 265),
(389, 9, 2009, 9, 268),
(390, 9, 2009, 10, 235),
(391, 9, 2009, 11, 126),
(392, 9, 2009, 12, 118),
(393, 9, 2010, 1, 101),
(394, 9, 2010, 2, 100),
(395, 9, 2010, 3, 100),
(396, 9, 2010, 4, 117),
(397, 9, 2010, 5, 122),
(398, 9, 2010, 6, 150),
(399, 9, 2010, 7, 226),
(400, 9, 2010, 8, 278),
(401, 9, 2010, 9, 241),
(402, 9, 2010, 10, 253),
(403, 9, 2010, 11, 131),
(404, 9, 2010, 12, 115),
(405, 9, 2011, 1, 108),
(406, 9, 2011, 2, 110),
(407, 9, 2011, 3, 104),
(408, 9, 2011, 4, 126),
(409, 9, 2011, 5, 150),
(410, 9, 2011, 6, 169),
(411, 9, 2011, 7, 180),
(412, 9, 2011, 8, 236),
(413, 9, 2011, 9, 226),
(414, 9, 2011, 10, 249),
(415, 10, 2008, 1, 87),
(416, 10, 2008, 2, 45),
(417, 10, 2008, 3, 50),
(418, 10, 2008, 4, 47),
(419, 10, 2008, 5, 44),
(420, 10, 2008, 6, 47),
(421, 10, 2008, 7, 74),
(422, 10, 2008, 8, 87),
(423, 10, 2008, 9, 90),
(424, 10, 2008, 10, 89),
(425, 10, 2008, 11, 46),
(426, 10, 2008, 12, 48),
(427, 10, 2009, 1, 36),
(428, 10, 2009, 2, 39),
(429, 10, 2009, 3, 39),
(430, 10, 2009, 4, 45),
(431, 10, 2009, 5, 44),
(432, 10, 2009, 6, 57),
(433, 10, 2009, 7, 78),
(434, 10, 2009, 8, 98),
(435, 10, 2009, 9, 100),
(436, 10, 2009, 10, 89),
(437, 10, 2009, 11, 50),
(438, 10, 2009, 12, 45),
(439, 10, 2010, 1, 40),
(440, 10, 2010, 2, 44),
(441, 10, 2010, 3, 39),
(442, 10, 2010, 4, 44),
(443, 10, 2010, 5, 52),
(444, 10, 2010, 6, 59),
(445, 10, 2010, 7, 84),
(446, 10, 2010, 8, 99),
(447, 10, 2010, 9, 91),
(448, 10, 2010, 10, 90),
(449, 10, 2010, 11, 51),
(450, 10, 2010, 12, 47),
(451, 10, 2011, 1, 47),
(452, 10, 2011, 2, 45),
(453, 10, 2011, 3, 39),
(454, 10, 2011, 4, 51),
(455, 10, 2011, 5, 59),
(456, 10, 2011, 6, 61),
(457, 10, 2011, 7, 66),
(458, 10, 2011, 8, 89),
(459, 10, 2011, 9, 85),
(460, 10, 2011, 10, 92),
(461, 11, 2008, 1, 33),
(462, 11, 2008, 2, 29),
(463, 11, 2008, 3, 25),
(464, 11, 2008, 4, 20),
(465, 11, 2008, 5, 26),
(466, 11, 2008, 6, 18),
(467, 11, 2008, 7, 30),
(468, 11, 2008, 8, 39),
(469, 11, 2008, 9, 40),
(470, 11, 2008, 10, 30),
(471, 11, 2008, 11, 29),
(472, 11, 2008, 12, 19),
(473, 11, 2009, 1, 14),
(474, 11, 2009, 2, 23),
(475, 11, 2009, 3, 14),
(476, 11, 2009, 4, 17),
(477, 11, 2009, 5, 27),
(478, 11, 2009, 6, 25),
(479, 11, 2009, 7, 30),
(480, 11, 2009, 8, 46),
(481, 11, 2009, 9, 44),
(482, 11, 2009, 10, 39),
(483, 11, 2009, 11, 27),
(484, 11, 2009, 12, 22),
(485, 11, 2010, 1, 22),
(486, 11, 2010, 2, 19),
(487, 11, 2010, 3, 13),
(488, 11, 2010, 4, 20),
(489, 11, 2010, 5, 26),
(490, 11, 2010, 6, 35),
(491, 11, 2010, 7, 40),
(492, 11, 2010, 8, 36),
(493, 11, 2010, 9, 39),
(494, 11, 2010, 10, 36),
(495, 11, 2010, 11, 32),
(496, 11, 2010, 12, 27),
(497, 11, 2011, 1, 22),
(498, 11, 2011, 2, 29),
(499, 11, 2011, 3, 27),
(500, 11, 2011, 4, 26),
(501, 11, 2011, 5, 23),
(502, 11, 2011, 6, 32),
(503, 11, 2011, 7, 27),
(504, 11, 2011, 8, 41),
(505, 11, 2011, 9, 38),
(506, 11, 2011, 10, 32),
(507, 12, 2008, 1, 35),
(508, 12, 2008, 2, 29),
(509, 12, 2008, 3, 28),
(510, 12, 2008, 4, 26),
(511, 12, 2008, 5, 29),
(512, 12, 2008, 6, 48),
(513, 12, 2008, 7, 56),
(514, 12, 2008, 8, 57),
(515, 12, 2008, 9, 63),
(516, 12, 2008, 10, 23),
(517, 12, 2008, 11, 26),
(518, 12, 2008, 12, 23),
(519, 12, 2009, 1, 20),
(520, 12, 2009, 2, 21),
(521, 12, 2009, 3, 24),
(522, 12, 2009, 4, 29),
(523, 12, 2009, 5, 26),
(524, 12, 2009, 6, 46),
(525, 12, 2009, 7, 59),
(526, 12, 2009, 8, 63),
(527, 12, 2009, 9, 63),
(528, 12, 2009, 10, 29),
(529, 12, 2009, 11, 29),
(530, 12, 2009, 12, 23),
(531, 12, 2010, 1, 24),
(532, 12, 2010, 2, 21),
(533, 12, 2010, 3, 27),
(534, 12, 2010, 4, 28),
(535, 12, 2010, 5, 29),
(536, 12, 2010, 6, 50),
(537, 12, 2010, 7, 64),
(538, 12, 2010, 8, 69),
(539, 12, 2010, 9, 68),
(540, 12, 2010, 10, 34),
(541, 12, 2010, 11, 31),
(542, 12, 2010, 12, 26),
(543, 12, 2011, 1, 26),
(544, 12, 2011, 2, 25),
(545, 12, 2011, 3, 29),
(546, 12, 2011, 4, 34),
(547, 12, 2011, 5, 34),
(548, 12, 2011, 6, 37),
(549, 12, 2011, 7, 51),
(550, 12, 2011, 8, 62),
(551, 12, 2011, 9, 69),
(552, 12, 2011, 10, 70),
(553, 13, 2008, 1, 12),
(554, 13, 2008, 2, 15),
(555, 13, 2008, 3, 35),
(556, 13, 2008, 4, 44),
(557, 13, 2008, 5, 54),
(558, 13, 2008, 6, 62),
(559, 13, 2008, 7, 61),
(560, 13, 2008, 8, 54),
(561, 13, 2008, 9, 43),
(562, 13, 2008, 10, 22),
(563, 13, 2008, 11, 17),
(564, 13, 2008, 12, 10),
(565, 13, 2009, 1, 19),
(566, 13, 2009, 2, 24),
(567, 13, 2009, 3, 36),
(568, 13, 2009, 4, 49),
(569, 13, 2009, 5, 57),
(570, 13, 2009, 6, 74),
(571, 13, 2009, 7, 83),
(572, 13, 2009, 8, 69),
(573, 13, 2009, 9, 64),
(574, 13, 2009, 10, 43),
(575, 13, 2009, 11, 34),
(576, 13, 2009, 12, 22),
(577, 13, 2010, 1, 15),
(578, 13, 2010, 2, 19),
(579, 13, 2010, 3, 32),
(580, 13, 2010, 4, 39),
(581, 13, 2010, 5, 50),
(582, 13, 2010, 6, 66),
(583, 13, 2010, 7, 72),
(584, 13, 2010, 8, 56),
(585, 13, 2010, 9, 47),
(586, 13, 2010, 10, 33),
(587, 13, 2010, 11, 23),
(588, 13, 2010, 12, 14),
(589, 13, 2011, 1, 21),
(590, 13, 2011, 2, 28),
(591, 13, 2011, 3, 41),
(592, 13, 2011, 4, 49),
(593, 13, 2011, 5, 61),
(594, 13, 2011, 6, 77),
(595, 13, 2011, 7, 89),
(596, 13, 2011, 8, 63),
(597, 13, 2011, 9, 51),
(598, 13, 2011, 10, 43),
(599, 14, 2008, 1, 12),
(600, 14, 2008, 2, 24),
(601, 14, 2008, 3, 29),
(602, 14, 2008, 4, 68),
(603, 14, 2008, 5, 98),
(604, 14, 2008, 6, 0),
(605, 14, 2008, 7, 0),
(606, 14, 2008, 8, 0),
(607, 14, 2008, 9, 0),
(608, 14, 2008, 10, 0),
(609, 14, 2008, 11, 0),
(610, 14, 2008, 12, 0),
(611, 14, 2009, 1, 19),
(612, 14, 2009, 2, 44),
(613, 14, 2009, 3, 56),
(614, 14, 2009, 4, 67),
(615, 14, 2009, 5, 75),
(616, 14, 2009, 6, 0),
(617, 14, 2009, 7, 0),
(618, 14, 2009, 8, 0),
(619, 14, 2009, 9, 0),
(620, 14, 2009, 10, 0),
(621, 14, 2009, 11, 0),
(622, 14, 2009, 12, 0),
(623, 14, 2010, 1, 10),
(624, 14, 2010, 2, 56),
(625, 14, 2010, 3, 63),
(626, 14, 2010, 4, 85),
(627, 14, 2010, 5, 95),
(628, 14, 2010, 6, 0),
(629, 14, 2010, 7, 0),
(630, 14, 2010, 8, 0),
(631, 14, 2010, 9, 0),
(632, 14, 2010, 10, 0),
(633, 14, 2010, 11, 0),
(634, 14, 2010, 12, 0),
(635, 14, 2011, 1, 22),
(636, 14, 2011, 2, 45),
(637, 14, 2011, 3, 58),
(638, 14, 2011, 4, 74),
(639, 14, 2011, 5, 83),
(640, 14, 2011, 6, 0),
(641, 14, 2011, 7, 0),
(642, 14, 2011, 8, 0),
(643, 14, 2011, 9, 0),
(644, 14, 2011, 10, 0),
(645, 15, 2008, 1, 14),
(646, 15, 2008, 2, 34),
(647, 15, 2008, 3, 54),
(648, 15, 2008, 4, 56),
(649, 15, 2008, 5, 65),
(650, 15, 2008, 6, 73),
(651, 15, 2008, 7, 87),
(652, 15, 2008, 8, 69),
(653, 15, 2008, 9, 54),
(654, 15, 2008, 10, 42),
(655, 15, 2008, 11, 32),
(656, 15, 2008, 12, 23),
(657, 15, 2009, 1, 23),
(658, 15, 2009, 2, 42),
(659, 15, 2009, 3, 58),
(660, 15, 2009, 4, 63),
(661, 15, 2009, 5, 71),
(662, 15, 2009, 6, 75),
(663, 15, 2009, 7, 88),
(664, 15, 2009, 8, 73),
(665, 15, 2009, 9, 59),
(666, 15, 2009, 10, 47),
(667, 15, 2009, 11, 39),
(668, 15, 2009, 12, 28),
(669, 15, 2010, 1, 33),
(670, 15, 2010, 2, 41),
(671, 15, 2010, 3, 57),
(672, 15, 2010, 4, 59),
(673, 15, 2010, 5, 68),
(674, 15, 2010, 6, 77),
(675, 15, 2010, 7, 93),
(676, 15, 2010, 8, 72),
(677, 15, 2010, 9, 63),
(678, 15, 2010, 10, 52),
(679, 15, 2010, 11, 40),
(680, 15, 2010, 12, 36),
(681, 15, 2011, 1, 37),
(682, 15, 2011, 2, 48),
(683, 15, 2011, 3, 61),
(684, 15, 2011, 4, 68),
(685, 15, 2011, 5, 72),
(686, 15, 2011, 6, 78),
(687, 15, 2011, 7, 89),
(688, 15, 2011, 8, 75),
(689, 15, 2011, 9, 66),
(690, 15, 2011, 10, 58),
(691, 16, 2008, 1, 49),
(692, 16, 2008, 2, 44),
(693, 16, 2008, 3, 39),
(694, 16, 2008, 4, 36),
(695, 16, 2008, 5, 35),
(696, 16, 2008, 6, 39),
(697, 16, 2008, 7, 43),
(698, 16, 2008, 8, 48),
(699, 16, 2008, 9, 52),
(700, 16, 2008, 10, 57),
(701, 16, 2008, 11, 65),
(702, 16, 2008, 12, 59),
(703, 16, 2009, 1, 53),
(704, 16, 2009, 2, 46),
(705, 16, 2009, 3, 42),
(706, 16, 2009, 4, 39),
(707, 16, 2009, 5, 33),
(708, 16, 2009, 6, 37),
(709, 16, 2009, 7, 38),
(710, 16, 2009, 8, 44),
(711, 16, 2009, 9, 51),
(712, 16, 2009, 10, 52),
(713, 16, 2009, 11, 58),
(714, 16, 2009, 12, 57),
(715, 16, 2010, 1, 54),
(716, 16, 2010, 2, 49),
(717, 16, 2010, 3, 46),
(718, 16, 2010, 4, 41),
(719, 16, 2010, 5, 38),
(720, 16, 2010, 6, 36),
(721, 16, 2010, 7, 40),
(722, 16, 2010, 8, 42),
(723, 16, 2010, 9, 44),
(724, 16, 2010, 10, 49),
(725, 16, 2010, 11, 47),
(726, 16, 2010, 12, 43),
(727, 16, 2011, 1, 41),
(728, 16, 2011, 2, 37),
(729, 16, 2011, 3, 36),
(730, 16, 2011, 4, 33),
(731, 16, 2011, 5, 35),
(732, 16, 2011, 6, 37),
(733, 16, 2011, 7, 39),
(734, 16, 2011, 8, 43),
(735, 16, 2011, 9, 44),
(736, 16, 2011, 10, 43),
(737, 17, 2008, 1, 0),
(738, 17, 2008, 2, 2),
(739, 17, 2008, 3, 1),
(740, 17, 2008, 4, 4),
(741, 17, 2008, 5, 6),
(742, 17, 2008, 6, 7),
(743, 17, 2008, 7, 3),
(744, 17, 2008, 8, 2),
(745, 17, 2008, 9, 1),
(746, 17, 2008, 10, 3),
(747, 17, 2008, 11, 1),
(748, 17, 2008, 12, 0),
(749, 17, 2009, 1, 1),
(750, 17, 2009, 2, 3),
(751, 17, 2009, 3, 0),
(752, 17, 2009, 4, 3),
(753, 17, 2009, 5, 5),
(754, 17, 2009, 6, 6),
(755, 17, 2009, 7, 7),
(756, 17, 2009, 8, 3),
(757, 17, 2009, 9, 1),
(758, 17, 2009, 10, 2),
(759, 17, 2009, 11, 0),
(760, 17, 2009, 12, 1),
(761, 17, 2010, 1, 2),
(762, 17, 2010, 2, 1),
(763, 17, 2010, 3, 1),
(764, 17, 2010, 4, 2),
(765, 17, 2010, 5, 4),
(766, 17, 2010, 6, 8),
(767, 17, 2010, 7, 6),
(768, 17, 2010, 8, 4),
(769, 17, 2010, 9, 2),
(770, 17, 2010, 10, 1),
(771, 17, 2010, 11, 1),
(772, 17, 2010, 12, 0),
(773, 17, 2011, 1, 1),
(774, 17, 2011, 2, 2),
(775, 17, 2011, 3, 1),
(776, 17, 2011, 4, 2),
(777, 17, 2011, 5, 3),
(778, 17, 2011, 6, 5),
(779, 17, 2011, 7, 4),
(780, 17, 2011, 8, 3),
(781, 17, 2011, 9, 2),
(782, 17, 2011, 10, 0),
(783, 18, 2008, 1, 2),
(784, 18, 2008, 2, 12),
(785, 18, 2008, 3, 7),
(786, 18, 2008, 4, 16),
(787, 18, 2008, 5, 23),
(788, 18, 2008, 6, 26),
(789, 18, 2008, 7, 12),
(790, 18, 2008, 8, 11),
(791, 18, 2008, 9, 6),
(792, 18, 2008, 10, 12),
(793, 18, 2008, 11, 9),
(794, 18, 2008, 12, 6),
(795, 18, 2009, 1, 7),
(796, 18, 2009, 2, 11),
(797, 18, 2009, 3, 6),
(798, 18, 2009, 4, 12),
(799, 18, 2009, 5, 17),
(800, 18, 2009, 6, 21),
(801, 18, 2009, 7, 25),
(802, 18, 2009, 8, 15),
(803, 18, 2009, 9, 6),
(804, 18, 2009, 10, 9),
(805, 18, 2009, 11, 5),
(806, 18, 2009, 12, 7),
(807, 18, 2010, 1, 12),
(808, 18, 2010, 2, 9),
(809, 18, 2010, 3, 9),
(810, 18, 2010, 4, 8),
(811, 18, 2010, 5, 14),
(812, 18, 2010, 6, 30),
(813, 18, 2010, 7, 23),
(814, 18, 2010, 8, 17),
(815, 18, 2010, 9, 10),
(816, 18, 2010, 10, 9),
(817, 18, 2010, 11, 7),
(818, 18, 2010, 12, 6),
(819, 18, 2011, 1, 9),
(820, 18, 2011, 2, 12),
(821, 18, 2011, 3, 6),
(822, 18, 2011, 4, 10),
(823, 18, 2011, 5, 12),
(824, 18, 2011, 6, 17),
(825, 18, 2011, 7, 17),
(826, 18, 2011, 8, 15),
(827, 18, 2011, 9, 10),
(828, 18, 2011, 10, 6),
(829, 19, 2008, 1, 0),
(830, 19, 2008, 2, 0),
(831, 19, 2008, 3, 0),
(832, 19, 2008, 4, 5),
(833, 19, 2008, 5, 6),
(834, 19, 2008, 6, 0),
(835, 19, 2008, 7, 0),
(836, 19, 2008, 8, 0),
(837, 19, 2008, 9, 0),
(838, 19, 2008, 10, 0),
(839, 19, 2008, 11, 0),
(840, 19, 2008, 12, 0),
(841, 19, 2009, 1, 0),
(842, 19, 2009, 2, 0),
(843, 19, 2009, 3, 0),
(844, 19, 2009, 4, 3),
(845, 19, 2009, 5, 6),
(846, 19, 2009, 6, 4),
(847, 19, 2009, 7, 0),
(848, 19, 2009, 8, 0),
(849, 19, 2009, 9, 0),
(850, 19, 2009, 10, 0),
(851, 19, 2009, 11, 0),
(852, 19, 2009, 12, 0),
(853, 19, 2010, 1, 0),
(854, 19, 2010, 2, 0),
(855, 19, 2010, 3, 2),
(856, 19, 2010, 4, 5),
(857, 19, 2010, 5, 8),
(858, 19, 2010, 6, 3),
(859, 19, 2010, 7, 0),
(860, 19, 2010, 8, 0),
(861, 19, 2010, 9, 0),
(862, 19, 2010, 10, 0),
(863, 19, 2010, 11, 0),
(864, 19, 2010, 12, 0),
(865, 19, 2011, 1, 0),
(866, 19, 2011, 2, 0),
(867, 19, 2011, 3, 0),
(868, 19, 2011, 4, 3),
(869, 19, 2011, 5, 5),
(870, 19, 2011, 6, 5),
(871, 19, 2011, 7, 2),
(872, 19, 2011, 8, 0),
(873, 19, 2011, 9, 0),
(874, 19, 2011, 10, 0),
(875, 20, 2008, 1, 37),
(876, 20, 2008, 2, 60),
(877, 20, 2008, 3, 72),
(878, 20, 2008, 4, 81),
(879, 20, 2008, 5, 73),
(880, 20, 2008, 6, 33),
(881, 20, 2008, 7, 38),
(882, 20, 2008, 8, 32),
(883, 20, 2008, 9, 31),
(884, 20, 2008, 10, 37),
(885, 20, 2008, 11, 40),
(886, 20, 2008, 12, 36),
(887, 20, 2009, 1, 47),
(888, 20, 2009, 2, 67),
(889, 20, 2009, 3, 81),
(890, 20, 2009, 4, 83),
(891, 20, 2009, 5, 72),
(892, 20, 2009, 6, 44),
(893, 20, 2009, 7, 38),
(894, 20, 2009, 8, 31),
(895, 20, 2009, 9, 35),
(896, 20, 2009, 10, 32),
(897, 20, 2009, 11, 39),
(898, 20, 2009, 12, 42),
(899, 20, 2010, 1, 47),
(900, 20, 2010, 2, 72),
(901, 20, 2010, 3, 87),
(902, 20, 2010, 4, 76),
(903, 20, 2010, 5, 77),
(904, 20, 2010, 6, 43),
(905, 20, 2010, 7, 40),
(906, 20, 2010, 8, 36),
(907, 20, 2010, 9, 41),
(908, 20, 2010, 10, 35),
(909, 20, 2010, 11, 40),
(910, 20, 2010, 12, 46),
(911, 20, 2011, 1, 56),
(912, 20, 2011, 2, 60),
(913, 20, 2011, 3, 76),
(914, 20, 2011, 4, 71),
(915, 20, 2011, 5, 76),
(916, 20, 2011, 6, 77),
(917, 20, 2011, 7, 41),
(918, 20, 2011, 8, 38),
(919, 20, 2011, 9, 38),
(920, 20, 2011, 10, 39),
(921, 21, 2008, 1, 35),
(922, 21, 2008, 2, 23),
(923, 21, 2008, 3, 23),
(924, 21, 2008, 4, 22),
(925, 21, 2008, 5, 20),
(926, 21, 2008, 6, 23),
(927, 21, 2008, 7, 31),
(928, 21, 2008, 8, 33),
(929, 21, 2008, 9, 39),
(930, 21, 2008, 10, 32),
(931, 21, 2008, 11, 26),
(932, 21, 2008, 12, 17),
(933, 21, 2009, 1, 18),
(934, 21, 2009, 2, 21),
(935, 21, 2009, 3, 17),
(936, 21, 2009, 4, 16),
(937, 21, 2009, 5, 24),
(938, 21, 2009, 6, 25),
(939, 21, 2009, 7, 28),
(940, 21, 2009, 8, 38),
(941, 21, 2009, 9, 36),
(942, 21, 2009, 10, 39),
(943, 21, 2009, 11, 25),
(944, 21, 2009, 12, 18),
(945, 21, 2010, 1, 21),
(946, 21, 2010, 2, 20),
(947, 21, 2010, 3, 20),
(948, 21, 2010, 4, 23),
(949, 21, 2010, 5, 24),
(950, 21, 2010, 6, 26),
(951, 21, 2010, 7, 38),
(952, 21, 2010, 8, 34),
(953, 21, 2010, 9, 32),
(954, 21, 2010, 10, 32),
(955, 21, 2010, 11, 26),
(956, 21, 2010, 12, 19),
(957, 21, 2011, 1, 23),
(958, 21, 2011, 2, 25),
(959, 21, 2011, 3, 23),
(960, 21, 2011, 4, 19),
(961, 21, 2011, 5, 27),
(962, 21, 2011, 6, 27),
(963, 21, 2011, 7, 28),
(964, 21, 2011, 8, 32),
(965, 21, 2011, 9, 36),
(966, 21, 2011, 10, 36),
(967, 22, 2008, 1, 22),
(968, 22, 2008, 2, 26),
(969, 22, 2008, 3, 26),
(970, 22, 2008, 4, 29),
(971, 22, 2008, 5, 10),
(972, 22, 2008, 6, 12),
(973, 22, 2008, 7, 11),
(974, 22, 2008, 8, 10),
(975, 22, 2008, 9, 10),
(976, 22, 2008, 10, 11),
(977, 22, 2008, 11, 14),
(978, 22, 2008, 12, 13),
(979, 22, 2009, 1, 22),
(980, 22, 2009, 2, 27),
(981, 22, 2009, 3, 29),
(982, 22, 2009, 4, 29),
(983, 22, 2009, 5, 14),
(984, 22, 2009, 6, 14),
(985, 22, 2009, 7, 11),
(986, 22, 2009, 8, 12),
(987, 22, 2009, 9, 10),
(988, 22, 2009, 10, 13),
(989, 22, 2009, 11, 13),
(990, 22, 2009, 12, 13),
(991, 22, 2010, 1, 23),
(992, 22, 2010, 2, 30),
(993, 22, 2010, 3, 32),
(994, 22, 2010, 4, 31),
(995, 22, 2010, 5, 17),
(996, 22, 2010, 6, 15),
(997, 22, 2010, 7, 12),
(998, 22, 2010, 8, 12),
(999, 22, 2010, 9, 12),
(1000, 22, 2010, 10, 13),
(1001, 22, 2010, 11, 17),
(1002, 22, 2010, 12, 16),
(1003, 22, 2011, 1, 17),
(1004, 22, 2011, 2, 23),
(1005, 22, 2011, 3, 28),
(1006, 22, 2011, 4, 32),
(1007, 22, 2011, 5, 32),
(1008, 22, 2011, 6, 17),
(1009, 22, 2011, 7, 14),
(1010, 22, 2011, 8, 13),
(1011, 22, 2011, 9, 12),
(1012, 22, 2011, 10, 13),
(1013, 23, 2008, 1, 3),
(1014, 23, 2008, 2, 5),
(1015, 23, 2008, 3, 12),
(1016, 23, 2008, 4, 23),
(1017, 23, 2008, 5, 32),
(1018, 23, 2008, 6, 35),
(1019, 23, 2008, 7, 34),
(1020, 23, 2008, 8, 56),
(1021, 23, 2008, 9, 77),
(1022, 23, 2008, 10, 63),
(1023, 23, 2008, 11, 32),
(1024, 23, 2008, 12, 12),
(1025, 23, 2009, 1, 6),
(1026, 23, 2009, 2, 4),
(1027, 23, 2009, 3, 15),
(1028, 23, 2009, 4, 22),
(1029, 23, 2009, 5, 28),
(1030, 23, 2009, 6, 32),
(1031, 23, 2009, 7, 33),
(1032, 23, 2009, 8, 45),
(1033, 23, 2009, 9, 54),
(1034, 23, 2009, 10, 46),
(1035, 23, 2009, 11, 28),
(1036, 23, 2009, 12, 8),
(1037, 23, 2010, 1, 6),
(1038, 23, 2010, 2, 12),
(1039, 23, 2010, 3, 18),
(1040, 23, 2010, 4, 24),
(1041, 23, 2010, 5, 29),
(1042, 23, 2010, 6, 31),
(1043, 23, 2010, 7, 37),
(1044, 23, 2010, 8, 42),
(1045, 23, 2010, 9, 35),
(1046, 23, 2010, 10, 24),
(1047, 23, 2010, 11, 10),
(1048, 23, 2010, 12, 6),
(1049, 23, 2011, 1, 4),
(1050, 23, 2011, 2, 10),
(1051, 23, 2011, 3, 16),
(1052, 23, 2011, 4, 21),
(1053, 23, 2011, 5, 25),
(1054, 23, 2011, 6, 28),
(1055, 23, 2011, 7, 32),
(1056, 23, 2011, 8, 35),
(1057, 23, 2011, 9, 29),
(1058, 23, 2011, 10, 18),
(1059, 24, 2008, 1, 2),
(1060, 24, 2008, 2, 2),
(1061, 24, 2008, 3, 3),
(1062, 24, 2008, 4, 6),
(1063, 24, 2008, 5, 9),
(1064, 24, 2008, 6, 14),
(1065, 24, 2008, 7, 23),
(1066, 24, 2008, 8, 15),
(1067, 24, 2008, 9, 9),
(1068, 24, 2008, 10, 5),
(1069, 24, 2008, 11, 4),
(1070, 24, 2008, 12, 2),
(1071, 24, 2009, 1, 4),
(1072, 24, 2009, 2, 6),
(1073, 24, 2009, 3, 7),
(1074, 24, 2009, 4, 11),
(1075, 24, 2009, 5, 14),
(1076, 24, 2009, 6, 20),
(1077, 24, 2009, 7, 27),
(1078, 24, 2009, 8, 21),
(1079, 24, 2009, 9, 13),
(1080, 24, 2009, 10, 6),
(1081, 24, 2009, 11, 3),
(1082, 24, 2009, 12, 4),
(1083, 24, 2010, 1, 6),
(1084, 24, 2010, 2, 9),
(1085, 24, 2010, 3, 12),
(1086, 24, 2010, 4, 14),
(1087, 24, 2010, 5, 18),
(1088, 24, 2010, 6, 25),
(1089, 24, 2010, 7, 31),
(1090, 24, 2010, 8, 25),
(1091, 24, 2010, 9, 17),
(1092, 24, 2010, 10, 11),
(1093, 24, 2010, 11, 6),
(1094, 24, 2010, 12, 8),
(1095, 24, 2011, 1, 12),
(1096, 24, 2011, 2, 15),
(1097, 24, 2011, 3, 17),
(1098, 24, 2011, 4, 21),
(1099, 24, 2011, 5, 26),
(1100, 24, 2011, 6, 32),
(1101, 24, 2011, 7, 35),
(1102, 24, 2011, 8, 33),
(1103, 24, 2011, 9, 28),
(1104, 24, 2011, 10, 16),
(1105, 25, 2008, 1, 45),
(1106, 25, 2008, 2, 51),
(1107, 25, 2008, 3, 61),
(1108, 25, 2008, 4, 71),
(1109, 25, 2008, 5, 70),
(1110, 25, 2008, 6, 79),
(1111, 25, 2008, 7, 87),
(1112, 25, 2008, 8, 94),
(1113, 25, 2008, 9, 110),
(1114, 25, 2008, 10, 97),
(1115, 25, 2008, 11, 62),
(1116, 25, 2008, 12, 44),
(1117, 25, 2009, 1, 44),
(1118, 25, 2009, 2, 51),
(1119, 25, 2009, 3, 64),
(1120, 25, 2009, 4, 77),
(1121, 25, 2009, 5, 70),
(1122, 25, 2009, 6, 80),
(1123, 25, 2009, 7, 85),
(1124, 25, 2009, 8, 95),
(1125, 25, 2009, 9, 96),
(1126, 25, 2009, 10, 78),
(1127, 25, 2009, 11, 56),
(1128, 25, 2009, 12, 43),
(1129, 25, 2010, 1, 50),
(1130, 25, 2010, 2, 68),
(1131, 25, 2010, 3, 78),
(1132, 25, 2010, 4, 83),
(1133, 25, 2010, 5, 78),
(1134, 25, 2010, 6, 85),
(1135, 25, 2010, 7, 98),
(1136, 25, 2010, 8, 91),
(1137, 25, 2010, 9, 80),
(1138, 25, 2010, 10, 68),
(1139, 25, 2010, 11, 53),
(1140, 25, 2010, 12, 49),
(1141, 25, 2011, 1, 46),
(1142, 25, 2011, 2, 66),
(1143, 25, 2011, 3, 75),
(1144, 25, 2011, 4, 88),
(1145, 25, 2011, 5, 101),
(1146, 25, 2011, 6, 93),
(1147, 25, 2011, 7, 99),
(1148, 25, 2011, 8, 94),
(1149, 25, 2011, 9, 88),
(1150, 25, 2011, 10, 63),
(1151, 26, 2008, 1, 29),
(1152, 26, 2008, 2, 28),
(1153, 26, 2008, 3, 31),
(1154, 26, 2008, 4, 32),
(1155, 26, 2008, 5, 34),
(1156, 26, 2008, 6, 35),
(1157, 26, 2008, 7, 43),
(1158, 26, 2008, 8, 48),
(1159, 26, 2008, 9, 54),
(1160, 26, 2008, 10, 47),
(1161, 26, 2008, 11, 34),
(1162, 26, 2008, 12, 23),
(1163, 26, 2009, 1, 21),
(1164, 26, 2009, 2, 28),
(1165, 26, 2009, 3, 30),
(1166, 26, 2009, 4, 36),
(1167, 26, 2009, 5, 32),
(1168, 26, 2009, 6, 36),
(1169, 26, 2009, 7, 41),
(1170, 26, 2009, 8, 49),
(1171, 26, 2009, 9, 48),
(1172, 26, 2009, 10, 40),
(1173, 26, 2009, 11, 29),
(1174, 26, 2009, 12, 26),
(1175, 26, 2010, 1, 27),
(1176, 26, 2010, 2, 29),
(1177, 26, 2010, 3, 35),
(1178, 26, 2010, 4, 38),
(1179, 26, 2010, 5, 37),
(1180, 26, 2010, 6, 41),
(1181, 26, 2010, 7, 50),
(1182, 26, 2010, 8, 49),
(1183, 26, 2010, 9, 41),
(1184, 26, 2010, 10, 36),
(1185, 26, 2010, 11, 30),
(1186, 26, 2010, 12, 29),
(1187, 26, 2011, 1, 27),
(1188, 26, 2011, 2, 33),
(1189, 26, 2011, 3, 34),
(1190, 26, 2011, 4, 42),
(1191, 26, 2011, 5, 45),
(1192, 26, 2011, 6, 41),
(1193, 26, 2011, 7, 45),
(1194, 26, 2011, 8, 45),
(1195, 26, 2011, 9, 45),
(1196, 26, 2011, 10, 33),
(1197, 27, 2008, 1, 23),
(1198, 27, 2008, 2, 26),
(1199, 27, 2008, 3, 28),
(1200, 27, 2008, 4, 47),
(1201, 27, 2008, 5, 63),
(1202, 27, 2008, 6, 24),
(1203, 27, 2008, 7, 28),
(1204, 27, 2008, 8, 28),
(1205, 27, 2008, 9, 31),
(1206, 27, 2008, 10, 11),
(1207, 27, 2008, 11, 13),
(1208, 27, 2008, 12, 11),
(1209, 27, 2009, 1, 19),
(1210, 27, 2009, 2, 32),
(1211, 27, 2009, 3, 40),
(1212, 27, 2009, 4, 48),
(1213, 27, 2009, 5, 50),
(1214, 27, 2009, 6, 23),
(1215, 27, 2009, 7, 29),
(1216, 27, 2009, 8, 31),
(1217, 27, 2009, 9, 31),
(1218, 27, 2009, 10, 14),
(1219, 27, 2009, 11, 14),
(1220, 27, 2009, 12, 11),
(1221, 27, 2010, 1, 17),
(1222, 27, 2010, 2, 38),
(1223, 27, 2010, 3, 45),
(1224, 27, 2010, 4, 56),
(1225, 27, 2010, 5, 62),
(1226, 27, 2010, 6, 25),
(1227, 27, 2010, 7, 32),
(1228, 27, 2010, 8, 34),
(1229, 27, 2010, 9, 34),
(1230, 27, 2010, 10, 17),
(1231, 27, 2010, 11, 15),
(1232, 27, 2010, 12, 13),
(1233, 27, 2011, 1, 24),
(1234, 27, 2011, 2, 35),
(1235, 27, 2011, 3, 43),
(1236, 27, 2011, 4, 54),
(1237, 27, 2011, 5, 58),
(1238, 27, 2011, 6, 18),
(1239, 27, 2011, 7, 25),
(1240, 27, 2011, 8, 31),
(1241, 27, 2011, 9, 34),
(1242, 27, 2011, 10, 35);

--
-- Dumping data for table `support_type`
--

INSERT INTO `support_type` (`id`, `code`, `name`, `support_category_id`) VALUES
(1, 'P1-1', 'Profesinio mokymo ir informavimo veikla', 1),
(2, 'P1-2', 'Naudojimasis konsultavimo paslaugomis', 1),
(3, 'P1-3', 'Jaunųjų ūkininkų įsikūrimas', 1),
(4, 'P1-4', 'Ankstyvas pasitraukimas iš prekinės žemės ūkio gamybos', 1),
(5, 'P1-5', 'Pusiau natūrinis ūkininkavimas', 1),
(6, 'P1-6', 'Žemės ūkio valdų modernizavimas', 1),
(7, 'P1-7', 'Miškų ekonominės vertės didinimas', 1),
(8, 'P1-8', 'Žemės ūkio ir miškininkystės plėtra ir pritaikymo infrastruktūra ', 1),
(9, 'P1-9', 'Žemės ūkio produktų perdirbimas ir pridėtinės vertės didinimas', 1),
(10, 'P1-10', 'Dalyvavimas maisto kokybės schemose', 1),
(11, 'P2-1', 'Agrarinės aplinkosaugos išmokos', 2),
(12, 'P2-2', 'Pirmas žemės ūkio paskirties žemės apželdinimas mišku', 2),
(13, 'P2-3', 'Pirmas ne žemės ūkio paskirties ir apleistos žemės ūkio paskirties žemės apželdinimas mišku', 2),
(14, 'P2-4', 'Miškininkystės potencialo atkūrimas ir prevencinių priemonių diegimas', 2),
(15, 'P2-5', 'Pelno nesiekiančios investicijos miškuose  ', 2),
(16, 'P2-6', 'Miškų aplinkosaugos išmokos', 2),
(17, 'P2-7', 'Natura 2000 išmokos ir išmokos susiję su Direktyva 2000/60/EC', 2),
(18, 'P2-8', 'Natura 2000 išmokos (parama Natura 2000 miškų teritorijose)', 2),
(19, 'P2-9', 'Parama ūkininkaujantiems vietovėse su kliūtimis, išskyrus kalnuotas vietoves (mažiau palankios ūkininkauti vietovės)', 2),
(20, 'P3-1', 'Perėjimas prie ne žemės ūkio veiklos', 3),
(21, 'P3-2', 'Parama verslo kūrimui ir plėtrai', 3),
(22, 'P3-3', 'Kaimo turizmo veiklos skatinimas', 3),
(23, 'P3-4', 'Kaimo atnaujinimas ir plėtra (LEADER metodu)', 3),
(24, 'P3-5', 'Kaimo atnaujinimas ir plėtra (planiniu būdu)', 3),
(25, 'P4-1', 'Vietos plėtros strategijų įgyvendinimas ', 4),
(26, 'P4-2', 'Teritorinis ir tarptautinis bendradarbiavimas', 4),
(27, 'P4-3', 'Parama VVG veiklai, įgūdžiams įgyti ir aktyviai pritaikyti', 4);

--
-- Dumping data for table `temp_department_info_sys_usage`
--

INSERT INTO `temp_department_info_sys_usage` (`id`, `info_sys_code`, `department_code`) VALUES
(1, 'IS1', 'PA1'),
(2, 'IS1', 'PA2'),
(3, 'IS1', 'PA3'),
(4, 'IS1', 'PA4'),
(5, 'IS1', 'PA5'),
(6, 'IS1', 'PA6'),
(7, 'IS1', 'PA7'),
(8, 'IS1', 'PA8'),
(9, 'IS1', 'PA9'),
(10, 'IS1', 'PA10'),
(11, 'IS1', 'PA11'),
(12, 'IS1', 'PA12'),
(13, 'IS2', 'PA1'),
(14, 'IS2', 'PA2'),
(15, 'IS2', 'PA6'),
(16, 'IS2', 'PA9'),
(17, 'IS2', 'PA11'),
(18, 'IS2', 'PA12'),
(19, 'IS3', 'PA3'),
(20, 'IS3', 'PA8'),
(21, 'IS4', 'PA1'),
(22, 'IS4', 'PA2'),
(23, 'IS4', 'PA7'),
(24, 'IS4', 'PA10'),
(25, 'IS4', 'PA12'),
(26, 'IS5', 'PA2'),
(27, 'IS5', 'PA5'),
(28, 'IS5', 'PA6'),
(29, 'IS5', 'PA9'),
(30, 'IS6', 'PA10'),
(31, 'IS7', 'PA4'),
(32, 'IS7', 'PA8'),
(33, 'IS7', 'PA10'),
(34, 'IS7', 'PA12'),
(35, 'IS8', 'PA3'),
(36, 'IS9', 'PA1'),
(37, 'IS9', 'PA5'),
(38, 'IS9', 'PA9'),
(39, 'IS10', 'PA1'),
(40, 'IS10', 'PA3'),
(41, 'IS10', 'PA7'),
(42, 'IS10', 'PA8'),
(43, 'IS10', 'PA10'),
(44, 'IS10', 'PA12');

--
-- Dumping data for table `temp_support_administration_time`
--

INSERT INTO `temp_support_administration_time` (`id`, `department_code`, `support_type_code`, `hours_count`) VALUES
(1, 'PA1', 'P1-1', 1),
(2, 'PA2', 'P1-1', 1),
(3, 'PA3', 'P1-1', 0),
(4, 'PA4', 'P1-1', 0.5),
(5, 'PA5', 'P1-1', 0),
(6, 'PA6', 'P1-1', 0),
(7, 'PA7', 'P1-1', 1),
(8, 'PA8', 'P1-1', 0),
(9, 'PA9', 'P1-1', 0),
(10, 'PA10', 'P1-1', 0.5),
(11, 'PA11', 'P1-1', 0),
(12, 'PA12', 'P1-1', 0),
(13, 'PA1', 'P1-2', 0),
(14, 'PA2', 'P1-2', 0.5),
(15, 'PA3', 'P1-2', 0),
(16, 'PA4', 'P1-2', 1),
(17, 'PA5', 'P1-2', 0.5),
(18, 'PA6', 'P1-2', 0),
(19, 'PA7', 'P1-2', 0.5),
(20, 'PA8', 'P1-2', 0),
(21, 'PA9', 'P1-2', 0),
(22, 'PA10', 'P1-2', 1),
(23, 'PA11', 'P1-2', 0),
(24, 'PA12', 'P1-2', 0.5),
(25, 'PA1', 'P1-3', 1),
(26, 'PA2', 'P1-3', 0.5),
(27, 'PA3', 'P1-3', 0),
(32, 'PA4', 'P1-3', 0),
(33, 'PA5', 'P1-3', 0),
(34, 'PA6', 'P1-3', 0),
(35, 'PA7', 'P1-3', 1),
(36, 'PA8', 'P1-3', 0),
(37, 'PA9', 'P1-3', 0),
(38, 'PA10', 'P1-3', 0.5),
(39, 'PA11', 'P1-3', 0),
(40, 'PA12', 'P1-3', 0),
(41, 'PA1', 'P1-4', 0),
(42, 'PA2', 'P1-4', 0),
(43, 'PA3', 'P1-4', 0.5),
(44, 'PA4', 'P1-4', 0),
(45, 'PA5', 'P1-4', 1),
(46, 'PA6', 'P1-4', 0),
(47, 'PA7', 'P1-4', 0),
(48, 'PA8', 'P1-4', 1),
(49, 'PA9', 'P1-4', 0),
(50, 'PA10', 'P1-4', 0),
(51, 'PA11', 'P1-4', 0),
(52, 'PA12', 'P1-4', 0),
(53, 'PA1', 'P1-5', 1),
(54, 'PA2', 'P1-5', 0),
(55, 'PA3', 'P1-5', 0),
(56, 'PA4', 'P1-5', 0.5),
(57, 'PA5', 'P1-5', 0),
(58, 'PA6', 'P1-5', 0),
(59, 'PA7', 'P1-5', 0.5),
(60, 'PA8', 'P1-5', 0),
(61, 'PA9', 'P1-5', 0),
(62, 'PA10', 'P1-5', 0),
(63, 'PA11', 'P1-5', 1),
(64, 'PA12', 'P1-5', 1),
(65, 'PA1', 'P1-6', 0),
(66, 'PA2', 'P1-6', 0),
(67, 'PA3', 'P1-6', 1),
(68, 'PA4', 'P1-6', 0),
(69, 'PA5', 'P1-6', 0),
(70, 'PA6', 'P1-6', 0),
(71, 'PA7', 'P1-6', 0),
(72, 'PA8', 'P1-6', 0.5),
(73, 'PA9', 'P1-6', 0),
(74, 'PA10', 'P1-6', 0),
(75, 'PA11', 'P1-6', 0),
(76, 'PA12', 'P1-6', 1),
(77, 'PA1', 'P1-7', 0),
(78, 'PA2', 'P1-7', 1),
(79, 'PA3', 'P1-7', 0),
(80, 'PA4', 'P1-7', 0),
(81, 'PA5', 'P1-7', 0),
(82, 'PA6', 'P1-7', 0),
(83, 'PA7', 'P1-7', 0),
(84, 'PA8', 'P1-7', 0.5),
(85, 'PA9', 'P1-7', 0),
(86, 'PA10', 'P1-7', 0),
(87, 'PA11', 'P1-7', 0.5),
(88, 'PA12', 'P1-7', 0),
(89, 'PA1', 'P1-8', 0),
(90, 'PA2', 'P1-8', 0),
(91, 'PA3', 'P1-8', 0),
(92, 'PA4', 'P1-8', 0.5),
(93, 'PA5', 'P1-8', 0),
(94, 'PA6', 'P1-8', 1),
(95, 'PA7', 'P1-8', 0),
(96, 'PA8', 'P1-8', 0.5),
(97, 'PA9', 'P1-8', 0),
(98, 'PA10', 'P1-8', 0),
(99, 'PA11', 'P1-8', 0),
(100, 'PA12', 'P1-8', 0),
(101, 'PA1', 'P1-9', 1),
(102, 'PA2', 'P1-9', 0),
(103, 'PA3', 'P1-9', 0),
(104, 'PA4', 'P1-9', 0),
(105, 'PA5', 'P1-9', 0),
(106, 'PA6', 'P1-9', 0),
(107, 'PA7', 'P1-9', 0),
(108, 'PA8', 'P1-9', 0.5),
(109, 'PA9', 'P1-9', 0),
(110, 'PA10', 'P1-9', 0),
(111, 'PA11', 'P1-9', 0.5),
(112, 'PA12', 'P1-9', 0),
(113, 'PA1', 'P1-10', 0),
(114, 'PA2', 'P1-10', 0),
(115, 'PA3', 'P1-10', 1),
(116, 'PA4', 'P1-10', 0),
(117, 'PA5', 'P1-10', 0.5),
(118, 'PA6', 'P1-10', 0),
(119, 'PA7', 'P1-10', 0),
(120, 'PA8', 'P1-10', 0),
(121, 'PA9', 'P1-10', 0),
(122, 'PA10', 'P1-10', 0),
(123, 'PA11', 'P1-10', 1),
(124, 'PA12', 'P1-10', 0),
(125, 'PA1', 'P2-1', 1),
(126, 'PA2', 'P2-1', 0),
(127, 'PA3', 'P2-1', 0),
(128, 'PA4', 'P2-1', 0),
(129, 'PA5', 'P2-1', 0),
(130, 'PA6', 'P2-1', 0),
(131, 'PA7', 'P2-1', 0),
(159, 'PA8', 'P2-1', 0),
(160, 'PA9', 'P2-1', 0.5),
(161, 'PA10', 'P2-1', 0.5),
(162, 'PA11', 'P2-1', 0),
(163, 'PA12', 'P2-1', 0),
(164, 'PA1', 'P2-2', 0),
(165, 'PA2', 'P2-2', 0),
(166, 'PA3', 'P2-2', 0),
(167, 'PA4', 'P2-2', 0),
(168, 'PA5', 'P2-2', 0),
(169, 'PA6', 'P2-2', 1),
(170, 'PA7', 'P2-2', 0),
(171, 'PA8', 'P2-2', 0),
(172, 'PA9', 'P2-2', 0),
(173, 'PA10', 'P2-2', 0),
(174, 'PA11', 'P2-2', 0.5),
(175, 'PA12', 'P2-2', 0),
(176, 'PA1', 'P2-3', 0),
(177, 'PA2', 'P2-3', 1),
(178, 'PA3', 'P2-3', 0),
(179, 'PA4', 'P2-3', 1),
(180, 'PA5', 'P2-3', 0),
(181, 'PA6', 'P2-3', 0),
(182, 'PA7', 'P2-3', 0),
(183, 'PA8', 'P2-3', 0.5),
(184, 'PA9', 'P2-3', 0),
(185, 'PA10', 'P2-3', 0),
(186, 'PA11', 'P2-3', 0),
(187, 'PA12', 'P2-3', 0.5),
(188, 'PA1', 'P2-4', 0),
(189, 'PA2', 'P2-4', 0),
(190, 'PA3', 'P2-4', 0),
(191, 'PA4', 'P2-4', 0),
(192, 'PA5', 'P2-4', 0),
(193, 'PA6', 'P2-4', 0.5),
(194, 'PA7', 'P2-4', 0),
(195, 'PA8', 'P2-4', 0),
(196, 'PA9', 'P2-4', 0),
(197, 'PA10', 'P2-4', 0),
(198, 'PA11', 'P2-4', 0.5),
(199, 'PA12', 'P2-4', 1),
(200, 'PA1', 'P2-5', 0),
(201, 'PA2', 'P2-5', 0),
(202, 'PA3', 'P2-5', 1),
(203, 'PA4', 'P2-5', 0),
(204, 'PA5', 'P2-5', 1),
(205, 'PA6', 'P2-5', 0),
(206, 'PA7', 'P2-5', 0),
(207, 'PA8', 'P2-5', 0),
(208, 'PA9', 'P2-5', 0),
(209, 'PA10', 'P2-5', 0),
(210, 'PA11', 'P2-5', 0),
(211, 'PA12', 'P2-5', 0),
(212, 'PA1', 'P2-6', 0),
(213, 'PA2', 'P2-6', 0),
(214, 'PA3', 'P2-6', 0.5),
(215, 'PA4', 'P2-6', 0),
(216, 'PA5', 'P2-6', 0),
(217, 'PA6', 'P2-6', 0),
(218, 'PA7', 'P2-6', 0),
(219, 'PA8', 'P2-6', 0.5),
(220, 'PA9', 'P2-6', 1),
(221, 'PA10', 'P2-6', 0),
(222, 'PA11', 'P2-6', 0),
(223, 'PA12', 'P2-6', 0),
(224, 'PA1', 'P2-7', 1),
(225, 'PA2', 'P2-7', 0),
(226, 'PA3', 'P2-7', 0),
(227, 'PA4', 'P2-7', 1),
(228, 'PA5', 'P2-7', 0),
(229, 'PA6', 'P2-7', 0),
(230, 'PA7', 'P2-7', 0),
(231, 'PA8', 'P2-7', 0),
(232, 'PA9', 'P2-7', 0),
(233, 'PA10', 'P2-7', 0),
(234, 'PA11', 'P2-7', 0),
(235, 'PA12', 'P2-7', 0),
(236, 'PA1', 'P2-8', 0),
(237, 'PA2', 'P2-8', 0),
(238, 'PA3', 'P2-8', 0),
(239, 'PA4', 'P2-8', 0),
(240, 'PA5', 'P2-8', 0),
(241, 'PA6', 'P2-8', 0),
(242, 'PA7', 'P2-8', 2),
(243, 'PA8', 'P2-8', 0),
(244, 'PA9', 'P2-8', 0.5),
(245, 'PA10', 'P2-8', 0),
(246, 'PA11', 'P2-8', 0),
(247, 'PA12', 'P2-8', 0),
(248, 'PA1', 'P2-9', 0),
(249, 'PA2', 'P2-9', 1),
(250, 'PA3', 'P2-9', 0),
(251, 'PA4', 'P2-9', 0),
(252, 'PA5', 'P2-9', 0),
(253, 'PA6', 'P2-9', 2),
(254, 'PA7', 'P2-9', 0),
(255, 'PA8', 'P2-9', 0),
(256, 'PA9', 'P2-9', 0),
(257, 'PA10', 'P2-9', 0),
(286, 'PA11', 'P2-9', 0),
(287, 'PA12', 'P2-9', 0),
(288, 'PA1', 'P3-1', 0),
(289, 'PA2', 'P3-1', 0),
(290, 'PA3', 'P3-1', 0),
(291, 'PA4', 'P3-1', 0),
(292, 'PA5', 'P3-1', 0.5),
(293, 'PA6', 'P3-1', 0),
(294, 'PA7', 'P3-1', 0),
(295, 'PA8', 'P3-1', 0.5),
(296, 'PA9', 'P3-1', 0),
(297, 'PA10', 'P3-1', 0.5),
(298, 'PA11', 'P3-1', 0.5),
(299, 'PA12', 'P3-1', 0),
(300, 'PA1', 'P3-2', 1),
(301, 'PA2', 'P3-2', 0),
(302, 'PA3', 'P3-2', 0),
(303, 'PA4', 'P3-2', 0),
(304, 'PA5', 'P3-2', 0),
(305, 'PA6', 'P3-2', 0),
(306, 'PA7', 'P3-2', 0),
(307, 'PA8', 'P3-2', 0),
(308, 'PA9', 'P3-2', 0),
(309, 'PA10', 'P3-2', 2),
(310, 'PA11', 'P3-2', 0),
(311, 'PA12', 'P3-2', 0),
(312, 'PA1', 'P3-3', 0),
(313, 'PA2', 'P3-3', 0),
(314, 'PA3', 'P3-3', 0.5),
(315, 'PA4', 'P3-3', 0),
(316, 'PA5', 'P3-3', 0),
(317, 'PA6', 'P3-3', 0),
(318, 'PA7', 'P3-3', 0),
(319, 'PA8', 'P3-3', 0),
(320, 'PA9', 'P3-3', 0.5),
(321, 'PA10', 'P3-3', 0),
(322, 'PA11', 'P3-3', 0),
(323, 'PA12', 'P3-3', 0.5),
(324, 'PA1', 'P3-4', 0),
(325, 'PA2', 'P3-4', 0),
(326, 'PA3', 'P3-4', 0),
(327, 'PA4', 'P3-4', 0.5),
(328, 'PA5', 'P3-4', 0),
(329, 'PA6', 'P3-4', 2),
(330, 'PA7', 'P3-4', 0),
(331, 'PA8', 'P3-4', 0),
(332, 'PA9', 'P3-4', 0),
(333, 'PA10', 'P3-4', 0),
(334, 'PA11', 'P3-4', 0),
(335, 'PA12', 'P3-4', 0),
(336, 'PA1', 'P3-5', 0),
(337, 'PA2', 'P3-5', 1),
(338, 'PA3', 'P3-5', 0),
(339, 'PA4', 'P3-5', 0),
(340, 'PA5', 'P3-5', 0),
(341, 'PA6', 'P3-5', 0),
(342, 'PA7', 'P3-5', 0.5),
(343, 'PA8', 'P3-5', 0),
(344, 'PA9', 'P3-5', 0),
(345, 'PA10', 'P3-5', 1),
(346, 'PA11', 'P3-5', 0.5),
(347, 'PA12', 'P3-5', 0),
(348, 'PA1', 'P4-1', 1),
(349, 'PA2', 'P4-1', 0),
(350, 'PA3', 'P4-1', 0),
(351, 'PA4', 'P4-1', 1),
(352, 'PA5', 'P4-1', 0),
(353, 'PA6', 'P4-1', 0),
(354, 'PA7', 'P4-1', 0),
(355, 'PA8', 'P4-1', 0),
(356, 'PA9', 'P4-1', 0),
(357, 'PA10', 'P4-1', 1),
(358, 'PA11', 'P4-1', 0),
(359, 'PA12', 'P4-1', 0),
(360, 'PA1', 'P4-2', 0),
(361, 'PA2', 'P4-2', 0),
(362, 'PA3', 'P4-2', 0.5),
(363, 'PA4', 'P4-2', 0),
(364, 'PA5', 'P4-2', 1),
(365, 'PA6', 'P4-2', 1),
(366, 'PA7', 'P4-2', 0),
(367, 'PA8', 'P4-2', 0),
(368, 'PA9', 'P4-2', 1),
(369, 'PA10', 'P4-2', 0),
(370, 'PA11', 'P4-2', 0),
(371, 'PA12', 'P4-2', 0),
(372, 'PA1', 'P4-3', 0),
(373, 'PA2', 'P4-3', 1),
(374, 'PA3', 'P4-3', 0),
(375, 'PA4', 'P4-3', 0),
(376, 'PA5', 'P4-3', 1),
(377, 'PA6', 'P4-3', 0),
(378, 'PA7', 'P4-3', 0),
(379, 'PA8', 'P4-3', 1),
(380, 'PA9', 'P4-3', 0),
(381, 'PA10', 'P4-3', 1),
(382, 'PA11', 'P4-3', 0),
(383, 'PA12', 'P4-3', 0);

--
-- Dumping data for table `temp_support_history`
--

INSERT INTO `temp_support_history` (`id`, `support_type_code`, `start_date`, `end_date`, `support_request_count`) VALUES
(1, 'p1-1', '2008-01-01', '2008-01-31', 15),
(2, 'p1-1', '2008-02-01', '2008-02-29', 27),
(3, 'p1-1', '2008-03-01', '2008-03-31', 31),
(4, 'p1-1', '2008-04-01', '2008-04-30', 33),
(5, 'p1-1', '2008-05-01', '2008-05-31', 36),
(6, 'p1-1', '2008-06-01', '2008-06-30', 13),
(7, 'p1-1', '2008-07-01', '2008-07-31', 14),
(8, 'p1-1', '2008-08-01', '2008-08-31', 12),
(9, 'p1-1', '2008-09-01', '2008-09-30', 10),
(10, 'p1-1', '2008-10-01', '2008-10-31', 11),
(11, 'p1-1', '2008-11-01', '2008-11-30', 13),
(16, 'p1-1', '2008-12-01', '2008-12-31', 15),
(17, 'p1-1', '2009-01-01', '2009-01-31', 13),
(18, 'p1-1', '2009-02-01', '2009-02-28', 26),
(19, 'p1-1', '2009-03-01', '2009-03-31', 34),
(20, 'p1-1', '2009-04-01', '2009-04-30', 36),
(21, 'p1-1', '2009-05-01', '2009-05-31', 37),
(22, 'p1-1', '2009-06-01', '2009-06-30', 16),
(23, 'p1-1', '2009-07-01', '2009-07-31', 16),
(24, 'p1-1', '2009-08-01', '2009-08-31', 13),
(25, 'p1-1', '2009-09-01', '2009-09-30', 13),
(26, 'p1-1', '2009-10-01', '2009-10-31', 12),
(27, 'p1-1', '2009-11-01', '2009-11-30', 14),
(28, 'p1-1', '2009-12-01', '2009-12-31', 16),
(29, 'p1-1', '2010-01-01', '2010-01-31', 17),
(30, 'p1-1', '2010-02-01', '2010-02-28', 29),
(31, 'p1-1', '2010-03-01', '2010-03-31', 37),
(32, 'p1-1', '2010-04-01', '2010-04-30', 39),
(33, 'p1-1', '2010-05-01', '2010-05-31', 40),
(34, 'p1-1', '2010-06-01', '2010-06-30', 18),
(35, 'p1-1', '2010-07-01', '2010-07-31', 17),
(36, 'p1-1', '2010-08-01', '2010-08-31', 15),
(37, 'p1-1', '2010-09-01', '2010-09-30', 14),
(38, 'p1-1', '2010-10-01', '2010-10-31', 13),
(39, 'p1-1', '2010-11-01', '2010-11-30', 17),
(40, 'p1-1', '2010-12-01', '2010-12-31', 18),
(41, 'p1-1', '2011-01-01', '2011-01-31', 19),
(42, 'p1-1', '2011-02-01', '2011-02-28', 21),
(43, 'p1-1', '2011-03-01', '2011-03-31', 30),
(44, 'p1-1', '2011-04-01', '2011-04-30', 36),
(45, 'p1-1', '2011-05-01', '2011-05-31', 40),
(46, 'p1-1', '2011-06-01', '2011-06-30', 40),
(47, 'p1-1', '2011-07-01', '2011-07-31', 19),
(48, 'p1-1', '2011-08-01', '2011-08-31', 16),
(49, 'p1-1', '2011-09-01', '2011-09-30', 15),
(50, 'p1-1', '2011-10-01', '2011-10-31', 15),
(51, 'p1-2', '2008-01-01', '2008-01-31', 73),
(52, 'p1-2', '2008-02-01', '2008-02-29', 118),
(53, 'p1-2', '2008-03-01', '2008-03-31', 137),
(54, 'p1-2', '2008-04-01', '2008-04-30', 139),
(55, 'p1-2', '2008-05-01', '2008-05-31', 155),
(56, 'p1-2', '2008-06-01', '2008-06-30', 56),
(57, 'p1-2', '2008-07-01', '2008-07-31', 65),
(58, 'p1-2', '2008-08-01', '2008-08-31', 59),
(59, 'p1-2', '2008-09-01', '2008-09-30', 50),
(60, 'p1-2', '2008-10-01', '2008-10-31', 53),
(61, 'p1-2', '2008-11-01', '2008-11-30', 60),
(62, 'p1-2', '2008-12-01', '2008-12-31', 72),
(63, 'p1-2', '2009-01-01', '2009-01-31', 67),
(64, 'p1-2', '2009-02-01', '2009-02-28', 114),
(65, 'p1-2', '2009-03-01', '2009-03-31', 143),
(66, 'p1-2', '2009-04-01', '2009-04-30', 153),
(67, 'p1-2', '2009-05-01', '2009-05-31', 154),
(68, 'p1-2', '2009-06-01', '2009-06-30', 72),
(69, 'p1-2', '2009-07-01', '2009-07-31', 72),
(70, 'p1-2', '2009-08-01', '2009-08-31', 58),
(71, 'p1-2', '2009-09-01', '2009-09-30', 61),
(72, 'p1-2', '2009-10-01', '2009-10-31', 52),
(73, 'p1-2', '2009-11-01', '2009-11-30', 68),
(74, 'p1-2', '2009-12-01', '2009-12-31', 68),
(75, 'p1-2', '2010-01-01', '2010-01-31', 72),
(76, 'p1-2', '2010-02-01', '2010-02-28', 122),
(77, 'p1-2', '2010-03-01', '2010-03-31', 157),
(78, 'p1-2', '2010-04-01', '2010-04-30', 168),
(79, 'p1-2', '2010-05-01', '2010-05-31', 165),
(80, 'p1-2', '2010-06-01', '2010-06-30', 86),
(81, 'p1-2', '2010-07-01', '2010-07-31', 77),
(82, 'p1-2', '2010-08-01', '2010-08-31', 64),
(83, 'p1-2', '2010-09-01', '2010-09-30', 65),
(84, 'p1-2', '2010-10-01', '2010-10-31', 64),
(85, 'p1-2', '2010-11-01', '2010-11-30', 72),
(86, 'p1-2', '2010-12-01', '2010-12-31', 86),
(87, 'p1-2', '2011-01-01', '2011-01-31', 85),
(88, 'p1-2', '2011-02-01', '2011-02-28', 91),
(89, 'p1-2', '2011-03-01', '2011-03-31', 125),
(90, 'p1-2', '2011-04-01', '2011-04-30', 150),
(91, 'p1-2', '2011-05-01', '2011-05-31', 168),
(92, 'p1-2', '2011-06-01', '2011-06-30', 170),
(93, 'p1-2', '2011-07-01', '2011-07-31', 88),
(94, 'p1-2', '2011-08-01', '2011-08-31', 72),
(95, 'p1-2', '2011-09-01', '2011-09-30', 69),
(96, 'p1-2', '2011-10-01', '2011-10-31', 65),
(97, 'p1-3', '2008-01-01', '2008-01-31', 155),
(98, 'p1-3', '2008-02-01', '2008-02-29', 56),
(99, 'p1-3', '2008-03-01', '2008-03-31', 65),
(100, 'p1-3', '2008-04-01', '2008-04-30', 59),
(101, 'p1-3', '2008-05-01', '2008-05-31', 50),
(102, 'p1-3', '2008-06-01', '2008-06-30', 53),
(103, 'p1-3', '2008-07-01', '2008-07-31', 60),
(104, 'p1-3', '2008-08-01', '2008-08-31', 72),
(105, 'p1-3', '2008-09-01', '2008-09-30', 67),
(106, 'p1-3', '2008-10-01', '2008-10-31', 114),
(107, 'p1-3', '2008-11-01', '2008-11-30', 143),
(108, 'p1-3', '2008-12-01', '2008-12-31', 153),
(109, 'p1-3', '2009-01-01', '2009-01-31', 150),
(110, 'p1-3', '2009-02-01', '2009-02-28', 53),
(111, 'p1-3', '2009-03-01', '2009-03-31', 60),
(112, 'p1-3', '2009-04-01', '2009-04-30', 55),
(113, 'p1-3', '2009-05-01', '2009-05-31', 46),
(114, 'p1-3', '2009-06-01', '2009-06-30', 49),
(115, 'p1-3', '2009-07-01', '2009-07-31', 58),
(143, 'p1-3', '2009-08-01', '2009-08-31', 66),
(144, 'p1-3', '2009-09-01', '2009-09-30', 66),
(145, 'p1-3', '2009-10-01', '2009-10-31', 99),
(146, 'p1-3', '2009-11-01', '2009-11-30', 134),
(147, 'p1-3', '2009-12-01', '2009-12-31', 147),
(148, 'p1-3', '2010-01-01', '2010-01-31', 49),
(149, 'p1-3', '2010-02-01', '2010-02-28', 53),
(150, 'p1-3', '2010-03-01', '2010-03-31', 49),
(151, 'p1-3', '2010-04-01', '2010-04-30', 41),
(152, 'p1-3', '2010-05-01', '2010-05-31', 41),
(153, 'p1-3', '2010-06-01', '2010-06-30', 50),
(154, 'p1-3', '2010-07-01', '2010-07-31', 58),
(155, 'p1-3', '2010-08-01', '2010-08-31', 61),
(156, 'p1-3', '2010-09-01', '2010-09-30', 89),
(157, 'p1-3', '2010-10-01', '2010-10-31', 124),
(158, 'p1-3', '2010-11-01', '2010-11-30', 133),
(159, 'p1-3', '2010-12-01', '2010-12-31', 141),
(160, 'p1-3', '2011-01-01', '2011-01-31', 41),
(161, 'p1-3', '2011-02-01', '2011-02-28', 46),
(162, 'p1-3', '2011-03-01', '2011-03-31', 40),
(163, 'p1-3', '2011-04-01', '2011-04-30', 35),
(164, 'p1-3', '2011-05-01', '2011-05-31', 34),
(165, 'p1-3', '2011-06-01', '2011-06-30', 45),
(166, 'p1-3', '2011-07-01', '2011-07-31', 50),
(167, 'p1-3', '2011-08-01', '2011-08-31', 53),
(168, 'p1-3', '2011-09-01', '2011-09-30', 81),
(169, 'p1-3', '2011-10-01', '2011-10-31', 119),
(170, 'p1-4', '2008-01-01', '2008-01-31', 70),
(171, 'p1-4', '2008-02-01', '2008-02-29', 108),
(172, 'p1-4', '2008-03-01', '2008-03-31', 158),
(173, 'p1-4', '2008-04-01', '2008-04-30', 207),
(174, 'p1-4', '2008-05-01', '2008-05-31', 74),
(175, 'p1-4', '2008-06-01', '2008-06-30', 87),
(176, 'p1-4', '2008-07-01', '2008-07-31', 79),
(177, 'p1-4', '2008-08-01', '2008-08-31', 67),
(178, 'p1-4', '2008-09-01', '2008-09-30', 71),
(179, 'p1-4', '2008-10-01', '2008-10-31', 80),
(180, 'p1-4', '2008-11-01', '2008-11-30', 96),
(181, 'p1-4', '2008-12-01', '2008-12-31', 89),
(182, 'p1-4', '2009-01-01', '2009-01-31', 152),
(183, 'p1-4', '2009-02-01', '2009-02-28', 190),
(184, 'p1-4', '2009-03-01', '2009-03-31', 205),
(185, 'p1-4', '2009-04-01', '2009-04-30', 200),
(186, 'p1-4', '2009-05-01', '2009-05-31', 70),
(187, 'p1-4', '2009-06-01', '2009-06-30', 81),
(188, 'p1-4', '2009-07-01', '2009-07-31', 74),
(189, 'p1-4', '2009-08-01', '2009-08-31', 62),
(190, 'p1-4', '2009-09-01', '2009-09-30', 65),
(191, 'p1-4', '2009-10-01', '2009-10-31', 77),
(192, 'p1-4', '2009-11-01', '2009-11-30', 88),
(193, 'p1-4', '2009-12-01', '2009-12-31', 89),
(194, 'p1-4', '2010-01-01', '2010-01-31', 132),
(195, 'p1-4', '2010-02-01', '2010-02-28', 179),
(196, 'p1-4', '2010-03-01', '2010-03-31', 196),
(197, 'p1-4', '2010-04-01', '2010-04-30', 66),
(198, 'p1-4', '2010-05-01', '2010-05-31', 71),
(199, 'p1-4', '2010-06-01', '2010-06-30', 66),
(200, 'p1-4', '2010-07-01', '2010-07-31', 55),
(201, 'p1-4', '2010-08-01', '2010-08-31', 54),
(202, 'p1-4', '2010-09-01', '2010-09-30', 67),
(203, 'p1-4', '2010-10-01', '2010-10-31', 77),
(204, 'p1-4', '2010-11-01', '2010-11-30', 81),
(205, 'p1-4', '2010-12-01', '2010-12-31', 118),
(206, 'p1-4', '2011-01-01', '2011-01-31', 166),
(207, 'p1-4', '2011-02-01', '2011-02-28', 178),
(208, 'p1-4', '2011-03-01', '2011-03-31', 188),
(209, 'p1-4', '2011-04-01', '2011-04-30', 55),
(210, 'p1-4', '2011-05-01', '2011-05-31', 62),
(211, 'p1-4', '2011-06-01', '2011-06-30', 54),
(212, 'p1-4', '2011-07-01', '2011-07-31', 47),
(213, 'p1-4', '2011-08-01', '2011-08-31', 45),
(214, 'p1-4', '2011-09-01', '2011-09-30', 60),
(215, 'p1-4', '2011-10-01', '2011-10-31', 67),
(216, 'p1-5', '2008-01-01', '2008-01-31', 117),
(217, 'p1-5', '2008-02-01', '2008-02-29', 195),
(218, 'p1-5', '2008-03-01', '2008-03-31', 228),
(219, 'p1-5', '2008-04-01', '2008-04-30', 257),
(220, 'p1-5', '2008-05-01', '2008-05-31', 233),
(221, 'p1-5', '2008-06-01', '2008-06-30', 105),
(222, 'p1-5', '2008-07-01', '2008-07-31', 109),
(223, 'p1-5', '2008-08-01', '2008-08-31', 96),
(224, 'p1-5', '2008-09-01', '2008-09-30', 91),
(225, 'p1-5', '2008-10-01', '2008-10-31', 104),
(226, 'p1-5', '2008-11-01', '2008-11-30', 113),
(227, 'p1-5', '2008-12-01', '2008-12-31', 115),
(228, 'p1-5', '2009-01-01', '2009-01-31', 138),
(229, 'p1-5', '2009-02-01', '2009-02-28', 219),
(230, 'p1-5', '2009-03-01', '2009-03-31', 265),
(231, 'p1-5', '2009-04-01', '2009-04-30', 268),
(232, 'p1-5', '2009-05-01', '2009-05-31', 235),
(233, 'p1-5', '2009-06-01', '2009-06-30', 126),
(234, 'p1-5', '2009-07-01', '2009-07-31', 118),
(235, 'p1-5', '2009-08-01', '2009-08-31', 101),
(236, 'p1-5', '2009-09-01', '2009-09-30', 100),
(237, 'p1-5', '2009-10-01', '2009-10-31', 100),
(238, 'p1-5', '2009-11-01', '2009-11-30', 117),
(239, 'p1-5', '2009-12-01', '2009-12-31', 122),
(240, 'p1-5', '2010-01-01', '2010-01-31', 150),
(241, 'p1-5', '2010-02-01', '2010-02-28', 226),
(270, 'p1-5', '2010-03-01', '2010-03-31', 278),
(271, 'p1-5', '2010-04-01', '2010-04-30', 241),
(272, 'p1-5', '2010-05-01', '2010-05-31', 253),
(273, 'p1-5', '2010-06-01', '2010-06-30', 131),
(274, 'p1-5', '2010-07-01', '2010-07-31', 115),
(275, 'p1-5', '2010-08-01', '2010-08-31', 108),
(276, 'p1-5', '2010-09-01', '2010-09-30', 110),
(277, 'p1-5', '2010-10-01', '2010-10-31', 104),
(278, 'p1-5', '2010-11-01', '2010-11-30', 126),
(279, 'p1-5', '2010-12-01', '2010-12-31', 150),
(280, 'p1-5', '2011-01-01', '2011-01-31', 169),
(281, 'p1-5', '2011-02-01', '2011-02-28', 180),
(282, 'p1-5', '2011-03-01', '2011-03-31', 236),
(283, 'p1-5', '2011-04-01', '2011-04-30', 226),
(284, 'p1-5', '2011-05-01', '2011-05-31', 249),
(285, 'p1-5', '2011-06-01', '2011-06-30', 246),
(286, 'p1-5', '2011-07-01', '2011-07-31', 124),
(287, 'p1-5', '2011-08-01', '2011-08-31', 118),
(288, 'p1-5', '2011-09-01', '2011-09-30', 111),
(289, 'p1-5', '2011-10-01', '2011-10-31', 112),
(290, 'p1-6', '2008-01-01', '2008-01-31', 129),
(291, 'p1-6', '2008-02-01', '2008-02-29', 215),
(292, 'p1-6', '2008-03-01', '2008-03-31', 252),
(293, 'p1-6', '2008-04-01', '2008-04-30', 277),
(294, 'p1-6', '2008-05-01', '2008-05-31', 256),
(295, 'p1-6', '2008-06-01', '2008-06-30', 120),
(296, 'p1-6', '2008-07-01', '2008-07-31', 141),
(297, 'p1-6', '2008-08-01', '2008-08-31', 116),
(298, 'p1-6', '2008-09-01', '2008-09-30', 104),
(299, 'p1-6', '2008-10-01', '2008-10-31', 123),
(300, 'p1-6', '2008-11-01', '2008-11-30', 141),
(301, 'p1-6', '2008-12-01', '2008-12-31', 130),
(302, 'p1-6', '2009-01-01', '2009-01-31', 165),
(303, 'p1-6', '2009-02-01', '2009-02-28', 249),
(304, 'p1-6', '2009-03-01', '2009-03-31', 285),
(305, 'p1-6', '2009-04-01', '2009-04-30', 287),
(306, 'p1-6', '2009-05-01', '2009-05-31', 248),
(307, 'p1-6', '2009-06-01', '2009-06-30', 152),
(308, 'p1-6', '2009-07-01', '2009-07-31', 134),
(309, 'p1-6', '2009-08-01', '2009-08-31', 113),
(310, 'p1-6', '2009-09-01', '2009-09-30', 126),
(311, 'p1-6', '2009-10-01', '2009-10-31', 123),
(312, 'p1-6', '2009-11-01', '2009-11-30', 139),
(313, 'p1-6', '2009-12-01', '2009-12-31', 144),
(314, 'p1-6', '2010-01-01', '2010-01-31', 174),
(315, 'p1-6', '2010-02-01', '2010-02-28', 244),
(316, 'p1-6', '2010-03-01', '2010-03-31', 303),
(317, 'p1-6', '2010-04-01', '2010-04-30', 272),
(318, 'p1-6', '2010-05-01', '2010-05-31', 270),
(319, 'p1-6', '2010-06-01', '2010-06-30', 144),
(320, 'p1-6', '2010-07-01', '2010-07-31', 132),
(321, 'p1-6', '2010-08-01', '2010-08-31', 125),
(322, 'p1-6', '2010-09-01', '2010-09-30', 143),
(323, 'p1-6', '2010-10-01', '2010-10-31', 118),
(324, 'p1-6', '2010-11-01', '2010-11-30', 145),
(325, 'p1-6', '2010-12-01', '2010-12-31', 164),
(326, 'p1-6', '2011-01-01', '2011-01-31', 190),
(327, 'p1-6', '2011-02-01', '2011-02-28', 207),
(328, 'p1-6', '2011-03-01', '2011-03-31', 268),
(329, 'p1-6', '2011-04-01', '2011-04-30', 243),
(330, 'p1-6', '2011-05-01', '2011-05-31', 280),
(331, 'p1-6', '2011-06-01', '2011-06-30', 265),
(332, 'p1-6', '2011-07-01', '2011-07-31', 158),
(333, 'p1-6', '2011-08-01', '2011-08-31', 142),
(334, 'p1-6', '2011-09-01', '2011-09-30', 124),
(335, 'p1-6', '2011-10-01', '2011-10-31', 139),
(336, 'p1-7', '2008-01-01', '2008-01-31', 162),
(337, 'p1-7', '2008-02-01', '2008-02-29', 221),
(338, 'p1-7', '2008-03-01', '2008-03-31', 259),
(339, 'p1-7', '2008-04-01', '2008-04-30', 305),
(340, 'p1-7', '2008-05-01', '2008-05-31', 297),
(341, 'p1-7', '2008-06-01', '2008-06-30', 143),
(342, 'p1-7', '2008-07-01', '2008-07-31', 156),
(343, 'p1-7', '2008-08-01', '2008-08-31', 149),
(344, 'p1-7', '2008-09-01', '2008-09-30', 122),
(345, 'p1-7', '2008-10-01', '2008-10-31', 144),
(346, 'p1-7', '2008-11-01', '2008-11-30', 157),
(347, 'p1-7', '2008-12-01', '2008-12-31', 161),
(348, 'p1-7', '2009-01-01', '2009-01-31', 183),
(349, 'p1-7', '2009-02-01', '2009-02-28', 267),
(350, 'p1-7', '2009-03-01', '2009-03-31', 324),
(351, 'p1-7', '2009-04-01', '2009-04-30', 296),
(352, 'p1-7', '2009-05-01', '2009-05-31', 289),
(353, 'p1-7', '2009-06-01', '2009-06-30', 162),
(354, 'p1-7', '2009-07-01', '2009-07-31', 170),
(355, 'p1-7', '2009-08-01', '2009-08-31', 127),
(356, 'p1-7', '2009-09-01', '2009-09-30', 146),
(357, 'p1-7', '2009-10-01', '2009-10-31', 152),
(358, 'p1-7', '2009-11-01', '2009-11-30', 173),
(359, 'p1-7', '2009-12-01', '2009-12-31', 166),
(360, 'p1-7', '2010-01-01', '2010-01-31', 196),
(361, 'p1-7', '2010-02-01', '2010-02-28', 281),
(362, 'p1-7', '2010-03-01', '2010-03-31', 332),
(363, 'p1-7', '2010-04-01', '2010-04-30', 269),
(364, 'p1-7', '2010-05-01', '2010-05-31', 283),
(365, 'p1-7', '2010-06-01', '2010-06-30', 163),
(366, 'p1-7', '2010-07-01', '2010-07-31', 167),
(367, 'p1-7', '2010-08-01', '2010-08-31', 155),
(368, 'p1-7', '2010-09-01', '2010-09-30', 178),
(369, 'p1-7', '2010-10-01', '2010-10-31', 133),
(370, 'p1-7', '2010-11-01', '2010-11-30', 182),
(398, 'p1-7', '2010-12-01', '2010-12-31', 196),
(399, 'p1-7', '2011-01-01', '2011-01-31', 208),
(400, 'p1-7', '2011-02-01', '2011-02-28', 238),
(401, 'p1-7', '2011-03-01', '2011-03-31', 294),
(402, 'p1-7', '2011-04-01', '2011-04-30', 287),
(403, 'p1-7', '2011-05-01', '2011-05-31', 284),
(404, 'p1-7', '2011-06-01', '2011-06-30', 307),
(405, 'p1-7', '2011-07-01', '2011-07-31', 179),
(406, 'p1-7', '2011-08-01', '2011-08-31', 168),
(407, 'p1-7', '2011-09-01', '2011-09-30', 166),
(408, 'p1-7', '2011-10-01', '2011-10-31', 148),
(409, 'p1-8', '2008-01-01', '2008-01-31', 43),
(410, 'p1-8', '2008-02-01', '2008-02-29', 71),
(411, 'p1-8', '2008-03-01', '2008-03-31', 84),
(412, 'p1-8', '2008-04-01', '2008-04-30', 92),
(413, 'p1-8', '2008-05-01', '2008-05-31', 85),
(414, 'p1-8', '2008-06-01', '2008-06-30', 40),
(415, 'p1-8', '2008-07-01', '2008-07-31', 47),
(416, 'p1-8', '2008-08-01', '2008-08-31', 38),
(417, 'p1-8', '2008-09-01', '2008-09-30', 34),
(418, 'p1-8', '2008-10-01', '2008-10-31', 41),
(419, 'p1-8', '2008-11-01', '2008-11-30', 47),
(420, 'p1-8', '2008-12-01', '2008-12-31', 43),
(421, 'p1-8', '2009-01-01', '2009-01-31', 55),
(422, 'p1-8', '2009-02-01', '2009-02-28', 83),
(423, 'p1-8', '2009-03-01', '2009-03-31', 95),
(424, 'p1-8', '2009-04-01', '2009-04-30', 95),
(425, 'p1-8', '2009-05-01', '2009-05-31', 82),
(426, 'p1-8', '2009-06-01', '2009-06-30', 50),
(427, 'p1-8', '2009-07-01', '2009-07-31', 44),
(428, 'p1-8', '2009-08-01', '2009-08-31', 37),
(429, 'p1-8', '2009-09-01', '2009-09-30', 42),
(430, 'p1-8', '2009-10-01', '2009-10-31', 41),
(431, 'p1-8', '2009-11-01', '2009-11-30', 46),
(432, 'p1-8', '2009-12-01', '2009-12-31', 48),
(433, 'p1-8', '2010-01-01', '2010-01-31', 58),
(434, 'p1-8', '2010-02-01', '2010-02-28', 81),
(435, 'p1-8', '2010-03-01', '2010-03-31', 101),
(436, 'p1-8', '2010-04-01', '2010-04-30', 90),
(437, 'p1-8', '2010-05-01', '2010-05-31', 90),
(438, 'p1-8', '2010-06-01', '2010-06-30', 48),
(439, 'p1-8', '2010-07-01', '2010-07-31', 44),
(440, 'p1-8', '2010-08-01', '2010-08-31', 41),
(441, 'p1-8', '2010-09-01', '2010-09-30', 47),
(442, 'p1-8', '2010-10-01', '2010-10-31', 39),
(443, 'p1-8', '2010-11-01', '2010-11-30', 48),
(444, 'p1-8', '2010-12-01', '2010-12-31', 54),
(445, 'p1-8', '2011-01-01', '2011-01-31', 63),
(446, 'p1-8', '2011-02-01', '2011-02-28', 69),
(447, 'p1-8', '2011-03-01', '2011-03-31', 89),
(448, 'p1-8', '2011-04-01', '2011-04-30', 81),
(449, 'p1-8', '2011-05-01', '2011-05-31', 93),
(450, 'p1-8', '2011-06-01', '2011-06-30', 88),
(451, 'p1-8', '2011-07-01', '2011-07-31', 52),
(452, 'p1-8', '2011-08-01', '2011-08-31', 47),
(453, 'p1-8', '2011-09-01', '2011-09-30', 41),
(454, 'p1-8', '2011-10-01', '2011-10-31', 46),
(455, 'p1-9', '2008-01-01', '2008-01-31', 246),
(456, 'p1-9', '2008-02-01', '2008-02-29', 124),
(457, 'p1-9', '2008-03-01', '2008-03-31', 118),
(458, 'p1-9', '2008-04-01', '2008-04-30', 111),
(459, 'p1-9', '2008-05-01', '2008-05-31', 112),
(460, 'p1-9', '2008-06-01', '2008-06-30', 117),
(461, 'p1-9', '2008-07-01', '2008-07-31', 195),
(462, 'p1-9', '2008-08-01', '2008-08-31', 228),
(463, 'p1-9', '2008-09-01', '2008-09-30', 257),
(464, 'p1-9', '2008-10-01', '2008-10-31', 233),
(465, 'p1-9', '2008-11-01', '2008-11-30', 105),
(466, 'p1-9', '2008-12-01', '2008-12-31', 109),
(467, 'p1-9', '2009-01-01', '2009-01-31', 96),
(468, 'p1-9', '2009-02-01', '2009-02-28', 91),
(469, 'p1-9', '2009-03-01', '2009-03-31', 104),
(470, 'p1-9', '2009-04-01', '2009-04-30', 113),
(471, 'p1-9', '2009-05-01', '2009-05-31', 115),
(472, 'p1-9', '2009-06-01', '2009-06-30', 138),
(473, 'p1-9', '2009-07-01', '2009-07-31', 219),
(474, 'p1-9', '2009-08-01', '2009-08-31', 265),
(475, 'p1-9', '2009-09-01', '2009-09-30', 268),
(476, 'p1-9', '2009-10-01', '2009-10-31', 235),
(477, 'p1-9', '2009-11-01', '2009-11-30', 126),
(478, 'p1-9', '2009-12-01', '2009-12-31', 118),
(479, 'p1-9', '2010-01-01', '2010-01-31', 101),
(480, 'p1-9', '2010-02-01', '2010-02-28', 100),
(481, 'p1-9', '2010-03-01', '2010-03-31', 100),
(482, 'p1-9', '2010-04-01', '2010-04-30', 117),
(483, 'p1-9', '2010-05-01', '2010-05-31', 122),
(484, 'p1-9', '2010-06-01', '2010-06-30', 150),
(485, 'p1-9', '2010-07-01', '2010-07-31', 226),
(486, 'p1-9', '2010-08-01', '2010-08-31', 278),
(487, 'p1-9', '2010-09-01', '2010-09-30', 241),
(488, 'p1-9', '2010-10-01', '2010-10-31', 253),
(489, 'p1-9', '2010-11-01', '2010-11-30', 131),
(490, 'p1-9', '2010-12-01', '2010-12-31', 115),
(491, 'p1-9', '2011-01-01', '2011-01-31', 108),
(492, 'p1-9', '2011-02-01', '2011-02-28', 110),
(493, 'p1-9', '2011-03-01', '2011-03-31', 104),
(494, 'p1-9', '2011-04-01', '2011-04-30', 126),
(495, 'p1-9', '2011-05-01', '2011-05-31', 150),
(496, 'p1-9', '2011-06-01', '2011-06-30', 169),
(525, 'p1-9', '2011-07-01', '2011-07-31', 180),
(526, 'p1-9', '2011-08-01', '2011-08-31', 236),
(527, 'p1-9', '2011-09-01', '2011-09-30', 226),
(528, 'p1-9', '2011-10-01', '2011-10-31', 249),
(529, 'p1-10', '2008-01-01', '2008-01-31', 87),
(530, 'p1-10', '2008-02-01', '2008-02-29', 45),
(531, 'p1-10', '2008-03-01', '2008-03-31', 50),
(532, 'p1-10', '2008-04-01', '2008-04-30', 47),
(533, 'p1-10', '2008-05-01', '2008-05-31', 44),
(534, 'p1-10', '2008-06-01', '2008-06-30', 47),
(535, 'p1-10', '2008-07-01', '2008-07-31', 74),
(536, 'p1-10', '2008-08-01', '2008-08-31', 87),
(537, 'p1-10', '2008-09-01', '2008-09-30', 90),
(538, 'p1-10', '2008-10-01', '2008-10-31', 89),
(539, 'p1-10', '2008-11-01', '2008-11-30', 46),
(540, 'p1-10', '2008-12-01', '2008-12-31', 48),
(541, 'p1-10', '2009-01-01', '2009-01-31', 36),
(542, 'p1-10', '2009-02-01', '2009-02-28', 39),
(543, 'p1-10', '2009-03-01', '2009-03-31', 39),
(544, 'p1-10', '2009-04-01', '2009-04-30', 45),
(545, 'p1-10', '2009-05-01', '2009-05-31', 44),
(546, 'p1-10', '2009-06-01', '2009-06-30', 57),
(547, 'p1-10', '2009-07-01', '2009-07-31', 78),
(548, 'p1-10', '2009-08-01', '2009-08-31', 98),
(549, 'p1-10', '2009-09-01', '2009-09-30', 100),
(550, 'p1-10', '2009-10-01', '2009-10-31', 89),
(551, 'p1-10', '2009-11-01', '2009-11-30', 50),
(552, 'p1-10', '2009-12-01', '2009-12-31', 45),
(553, 'p1-10', '2010-01-01', '2010-01-31', 40),
(554, 'p1-10', '2010-02-01', '2010-02-28', 44),
(555, 'p1-10', '2010-03-01', '2010-03-31', 39),
(556, 'p1-10', '2010-04-01', '2010-04-30', 44),
(557, 'p1-10', '2010-05-01', '2010-05-31', 52),
(558, 'p1-10', '2010-06-01', '2010-06-30', 59),
(559, 'p1-10', '2010-07-01', '2010-07-31', 84),
(560, 'p1-10', '2010-08-01', '2010-08-31', 99),
(561, 'p1-10', '2010-09-01', '2010-09-30', 91),
(562, 'p1-10', '2010-10-01', '2010-10-31', 90),
(563, 'p1-10', '2010-11-01', '2010-11-30', 51),
(564, 'p1-10', '2010-12-01', '2010-12-31', 47),
(565, 'p1-10', '2011-01-01', '2011-01-31', 47),
(566, 'p1-10', '2011-02-01', '2011-02-28', 45),
(567, 'p1-10', '2011-03-01', '2011-03-31', 39),
(568, 'p1-10', '2011-04-01', '2011-04-30', 51),
(569, 'p1-10', '2011-05-01', '2011-05-31', 59),
(570, 'p1-10', '2011-06-01', '2011-06-30', 61),
(571, 'p1-10', '2011-07-01', '2011-07-31', 66),
(572, 'p1-10', '2011-08-01', '2011-08-31', 89),
(573, 'p1-10', '2011-09-01', '2011-09-30', 85),
(574, 'p1-10', '2011-10-01', '2011-10-31', 92),
(575, 'p2-1', '2008-01-01', '2008-01-31', 33),
(576, 'p2-1', '2008-02-01', '2008-02-29', 29),
(577, 'p2-1', '2008-03-01', '2008-03-31', 25),
(578, 'p2-1', '2008-04-01', '2008-04-30', 20),
(579, 'p2-1', '2008-05-01', '2008-05-31', 26),
(580, 'p2-1', '2008-06-01', '2008-06-30', 18),
(581, 'p2-1', '2008-07-01', '2008-07-31', 30),
(582, 'p2-1', '2008-08-01', '2008-08-31', 39),
(583, 'p2-1', '2008-09-01', '2008-09-30', 40),
(584, 'p2-1', '2008-10-01', '2008-10-31', 30),
(585, 'p2-1', '2008-11-01', '2008-11-30', 29),
(586, 'p2-1', '2008-12-01', '2008-12-31', 19),
(587, 'p2-1', '2009-01-01', '2009-01-31', 14),
(588, 'p2-1', '2009-02-01', '2009-02-28', 23),
(589, 'p2-1', '2009-03-01', '2009-03-31', 14),
(590, 'p2-1', '2009-04-01', '2009-04-30', 17),
(591, 'p2-1', '2009-05-01', '2009-05-31', 27),
(592, 'p2-1', '2009-06-01', '2009-06-30', 25),
(593, 'p2-1', '2009-07-01', '2009-07-31', 30),
(594, 'p2-1', '2009-08-01', '2009-08-31', 46),
(595, 'p2-1', '2009-09-01', '2009-09-30', 44),
(596, 'p2-1', '2009-10-01', '2009-10-31', 39),
(597, 'p2-1', '2009-11-01', '2009-11-30', 27),
(598, 'p2-1', '2009-12-01', '2009-12-31', 22),
(599, 'p2-1', '2010-01-01', '2010-01-31', 22),
(600, 'p2-1', '2010-02-01', '2010-02-28', 19),
(601, 'p2-1', '2010-03-01', '2010-03-31', 13),
(602, 'p2-1', '2010-04-01', '2010-04-30', 20),
(603, 'p2-1', '2010-05-01', '2010-05-31', 26),
(604, 'p2-1', '2010-06-01', '2010-06-30', 35),
(605, 'p2-1', '2010-07-01', '2010-07-31', 40),
(606, 'p2-1', '2010-08-01', '2010-08-31', 36),
(607, 'p2-1', '2010-09-01', '2010-09-30', 39),
(608, 'p2-1', '2010-10-01', '2010-10-31', 36),
(609, 'p2-1', '2010-11-01', '2010-11-30', 32),
(610, 'p2-1', '2010-12-01', '2010-12-31', 27),
(611, 'p2-1', '2011-01-01', '2011-01-31', 22),
(612, 'p2-1', '2011-02-01', '2011-02-28', 29),
(613, 'p2-1', '2011-03-01', '2011-03-31', 27),
(614, 'p2-1', '2011-04-01', '2011-04-30', 26),
(615, 'p2-1', '2011-05-01', '2011-05-31', 23),
(616, 'p2-1', '2011-06-01', '2011-06-30', 32),
(617, 'p2-1', '2011-07-01', '2011-07-31', 27),
(618, 'p2-1', '2011-08-01', '2011-08-31', 41),
(619, 'p2-1', '2011-09-01', '2011-09-30', 38),
(620, 'p2-1', '2011-10-01', '2011-10-31', 32),
(621, 'p2-2', '2008-01-01', '2008-01-31', 35),
(622, 'p2-2', '2008-02-01', '2008-02-29', 29),
(623, 'p2-2', '2008-03-01', '2008-03-31', 28),
(624, 'p2-2', '2008-04-01', '2008-04-30', 26),
(625, 'p2-2', '2008-05-01', '2008-05-31', 29),
(653, 'p2-2', '2008-06-01', '2008-06-30', 48),
(654, 'p2-2', '2008-07-01', '2008-07-31', 56),
(655, 'p2-2', '2008-08-01', '2008-08-31', 57),
(656, 'p2-2', '2008-09-01', '2008-09-30', 63),
(657, 'p2-2', '2008-10-01', '2008-10-31', 23),
(658, 'p2-2', '2008-11-01', '2008-11-30', 26),
(659, 'p2-2', '2008-12-01', '2008-12-31', 23),
(660, 'p2-2', '2009-01-01', '2009-01-31', 20),
(661, 'p2-2', '2009-02-01', '2009-02-28', 21),
(662, 'p2-2', '2009-03-01', '2009-03-31', 24),
(663, 'p2-2', '2009-04-01', '2009-04-30', 29),
(664, 'p2-2', '2009-05-01', '2009-05-31', 26),
(665, 'p2-2', '2009-06-01', '2009-06-30', 46),
(666, 'p2-2', '2009-07-01', '2009-07-31', 59),
(667, 'p2-2', '2009-08-01', '2009-08-31', 63),
(668, 'p2-2', '2009-09-01', '2009-09-30', 63),
(669, 'p2-2', '2009-10-01', '2009-10-31', 29),
(670, 'p2-2', '2009-11-01', '2009-11-30', 29),
(671, 'p2-2', '2009-12-01', '2009-12-31', 23),
(672, 'p2-2', '2010-01-01', '2010-01-31', 24),
(673, 'p2-2', '2010-02-01', '2010-02-28', 21),
(674, 'p2-2', '2010-03-01', '2010-03-31', 27),
(675, 'p2-2', '2010-04-01', '2010-04-30', 28),
(676, 'p2-2', '2010-05-01', '2010-05-31', 29),
(677, 'p2-2', '2010-06-01', '2010-06-30', 50),
(678, 'p2-2', '2010-07-01', '2010-07-31', 64),
(679, 'p2-2', '2010-08-01', '2010-08-31', 69),
(680, 'p2-2', '2010-09-01', '2010-09-30', 68),
(681, 'p2-2', '2010-10-01', '2010-10-31', 34),
(682, 'p2-2', '2010-11-01', '2010-11-30', 31),
(683, 'p2-2', '2010-12-01', '2010-12-31', 26),
(684, 'p2-2', '2011-01-01', '2011-01-31', 26),
(685, 'p2-2', '2011-02-01', '2011-02-28', 25),
(686, 'p2-2', '2011-03-01', '2011-03-31', 29),
(687, 'p2-2', '2011-04-01', '2011-04-30', 34),
(688, 'p2-2', '2011-05-01', '2011-05-31', 34),
(689, 'p2-2', '2011-06-01', '2011-06-30', 37),
(690, 'p2-2', '2011-07-01', '2011-07-31', 51),
(691, 'p2-2', '2011-08-01', '2011-08-31', 62),
(692, 'p2-2', '2011-09-01', '2011-09-30', 69),
(693, 'p2-2', '2011-10-01', '2011-10-31', 70),
(694, 'p2-3', '2008-01-01', '2008-01-31', 12),
(695, 'p2-3', '2008-02-01', '2008-02-29', 15),
(696, 'p2-3', '2008-03-01', '2008-03-31', 35),
(697, 'p2-3', '2008-04-01', '2008-04-30', 44),
(698, 'p2-3', '2008-05-01', '2008-05-31', 54),
(699, 'p2-3', '2008-06-01', '2008-06-30', 62),
(700, 'p2-3', '2008-07-01', '2008-07-31', 61),
(701, 'p2-3', '2008-08-01', '2008-08-31', 54),
(702, 'p2-3', '2008-09-01', '2008-09-30', 43),
(703, 'p2-3', '2008-10-01', '2008-10-31', 22),
(704, 'p2-3', '2008-11-01', '2008-11-30', 17),
(705, 'p2-3', '2008-12-01', '2008-12-31', 10),
(706, 'p2-3', '2009-01-01', '2009-01-31', 19),
(707, 'p2-3', '2009-02-01', '2009-02-28', 24),
(708, 'p2-3', '2009-03-01', '2009-03-31', 36),
(709, 'p2-3', '2009-04-01', '2009-04-30', 49),
(710, 'p2-3', '2009-05-01', '2009-05-31', 57),
(711, 'p2-3', '2009-06-01', '2009-06-30', 74),
(712, 'p2-3', '2009-07-01', '2009-07-31', 83),
(713, 'p2-3', '2009-08-01', '2009-08-31', 69),
(714, 'p2-3', '2009-09-01', '2009-09-30', 64),
(715, 'p2-3', '2009-10-01', '2009-10-31', 43),
(716, 'p2-3', '2009-11-01', '2009-11-30', 34),
(717, 'p2-3', '2009-12-01', '2009-12-31', 22),
(718, 'p2-3', '2010-01-01', '2010-01-31', 15),
(719, 'p2-3', '2010-02-01', '2010-02-28', 19),
(720, 'p2-3', '2010-03-01', '2010-03-31', 32),
(721, 'p2-3', '2010-04-01', '2010-04-30', 39),
(722, 'p2-3', '2010-05-01', '2010-05-31', 50),
(723, 'p2-3', '2010-06-01', '2010-06-30', 66),
(724, 'p2-3', '2010-07-01', '2010-07-31', 72),
(725, 'p2-3', '2010-08-01', '2010-08-31', 56),
(726, 'p2-3', '2010-09-01', '2010-09-30', 47),
(727, 'p2-3', '2010-10-01', '2010-10-31', 33),
(728, 'p2-3', '2010-11-01', '2010-11-30', 23),
(729, 'p2-3', '2010-12-01', '2010-12-31', 14),
(730, 'p2-3', '2011-01-01', '2011-01-31', 21),
(731, 'p2-3', '2011-02-01', '2011-02-28', 28),
(732, 'p2-3', '2011-03-01', '2011-03-31', 41),
(733, 'p2-3', '2011-04-01', '2011-04-30', 49),
(734, 'p2-3', '2011-05-01', '2011-05-31', 61),
(735, 'p2-3', '2011-06-01', '2011-06-30', 77),
(736, 'p2-3', '2011-07-01', '2011-07-31', 89),
(737, 'p2-3', '2011-08-01', '2011-08-31', 63),
(738, 'p2-3', '2011-09-01', '2011-09-30', 51),
(739, 'p2-3', '2011-10-01', '2011-10-31', 43),
(740, 'p2-4', '2008-01-01', '2008-01-31', 12),
(741, 'p2-4', '2008-02-01', '2008-02-29', 24),
(742, 'p2-4', '2008-03-01', '2008-03-31', 29),
(743, 'p2-4', '2008-04-01', '2008-04-30', 68),
(744, 'p2-4', '2008-05-01', '2008-05-31', 98),
(745, 'p2-4', '2008-06-01', '2008-06-30', 0),
(746, 'p2-4', '2008-07-01', '2008-07-31', 0),
(747, 'p2-4', '2008-08-01', '2008-08-31', 0),
(748, 'p2-4', '2008-09-01', '2008-09-30', 0),
(749, 'p2-4', '2008-10-01', '2008-10-31', 0),
(750, 'p2-4', '2008-11-01', '2008-11-30', 0),
(751, 'p2-4', '2008-12-01', '2008-12-31', 0),
(780, 'p2-4', '2009-01-01', '2009-01-31', 19),
(781, 'p2-4', '2009-02-01', '2009-02-28', 44),
(782, 'p2-4', '2009-03-01', '2009-03-31', 56),
(783, 'p2-4', '2009-04-01', '2009-04-30', 67),
(784, 'p2-4', '2009-05-01', '2009-05-31', 75),
(785, 'p2-4', '2009-06-01', '2009-06-30', 0),
(786, 'p2-4', '2009-07-01', '2009-07-31', 0),
(787, 'p2-4', '2009-08-01', '2009-08-31', 0),
(788, 'p2-4', '2009-09-01', '2009-09-30', 0),
(789, 'p2-4', '2009-10-01', '2009-10-31', 0),
(790, 'p2-4', '2009-11-01', '2009-11-30', 0),
(791, 'p2-4', '2009-12-01', '2009-12-31', 0),
(792, 'p2-4', '2010-01-01', '2010-01-31', 10),
(793, 'p2-4', '2010-02-01', '2010-02-28', 56),
(794, 'p2-4', '2010-03-01', '2010-03-31', 63),
(795, 'p2-4', '2010-04-01', '2010-04-30', 85),
(796, 'p2-4', '2010-05-01', '2010-05-31', 95),
(797, 'p2-4', '2010-06-01', '2010-06-30', 0),
(798, 'p2-4', '2010-07-01', '2010-07-31', 0),
(799, 'p2-4', '2010-08-01', '2010-08-31', 0),
(800, 'p2-4', '2010-09-01', '2010-09-30', 0),
(801, 'p2-4', '2010-10-01', '2010-10-31', 0),
(802, 'p2-4', '2010-11-01', '2010-11-30', 0),
(803, 'p2-4', '2010-12-01', '2010-12-31', 0),
(804, 'p2-4', '2011-01-01', '2011-01-31', 22),
(805, 'p2-4', '2011-02-01', '2011-02-28', 45),
(806, 'p2-4', '2011-03-01', '2011-03-31', 58),
(807, 'p2-4', '2011-04-01', '2011-04-30', 74),
(808, 'p2-4', '2011-05-01', '2011-05-31', 83),
(809, 'p2-4', '2011-06-01', '2011-06-30', 0),
(810, 'p2-4', '2011-07-01', '2011-07-31', 0),
(811, 'p2-4', '2011-08-01', '2011-08-31', 0),
(812, 'p2-4', '2011-09-01', '2011-09-30', 0),
(813, 'p2-4', '2011-10-01', '2011-10-31', 0),
(814, 'p2-5', '2008-01-01', '2008-01-31', 14),
(815, 'p2-5', '2008-02-01', '2008-02-29', 34),
(816, 'p2-5', '2008-03-01', '2008-03-31', 54),
(817, 'p2-5', '2008-04-01', '2008-04-30', 56),
(818, 'p2-5', '2008-05-01', '2008-05-31', 65),
(819, 'p2-5', '2008-06-01', '2008-06-30', 73),
(820, 'p2-5', '2008-07-01', '2008-07-31', 87),
(821, 'p2-5', '2008-08-01', '2008-08-31', 69),
(822, 'p2-5', '2008-09-01', '2008-09-30', 54),
(823, 'p2-5', '2008-10-01', '2008-10-31', 42),
(824, 'p2-5', '2008-11-01', '2008-11-30', 32),
(825, 'p2-5', '2008-12-01', '2008-12-31', 23),
(826, 'p2-5', '2009-01-01', '2009-01-31', 23),
(827, 'p2-5', '2009-02-01', '2009-02-28', 42),
(828, 'p2-5', '2009-03-01', '2009-03-31', 58),
(829, 'p2-5', '2009-04-01', '2009-04-30', 63),
(830, 'p2-5', '2009-05-01', '2009-05-31', 71),
(831, 'p2-5', '2009-06-01', '2009-06-30', 75),
(832, 'p2-5', '2009-07-01', '2009-07-31', 88),
(833, 'p2-5', '2009-08-01', '2009-08-31', 73),
(834, 'p2-5', '2009-09-01', '2009-09-30', 59),
(835, 'p2-5', '2009-10-01', '2009-10-31', 47),
(836, 'p2-5', '2009-11-01', '2009-11-30', 39),
(837, 'p2-5', '2009-12-01', '2009-12-31', 28),
(838, 'p2-5', '2010-01-01', '2010-01-31', 33),
(839, 'p2-5', '2010-02-01', '2010-02-28', 41),
(840, 'p2-5', '2010-03-01', '2010-03-31', 57),
(841, 'p2-5', '2010-04-01', '2010-04-30', 59),
(842, 'p2-5', '2010-05-01', '2010-05-31', 68),
(843, 'p2-5', '2010-06-01', '2010-06-30', 77),
(844, 'p2-5', '2010-07-01', '2010-07-31', 93),
(845, 'p2-5', '2010-08-01', '2010-08-31', 72),
(846, 'p2-5', '2010-09-01', '2010-09-30', 63),
(847, 'p2-5', '2010-10-01', '2010-10-31', 52),
(848, 'p2-5', '2010-11-01', '2010-11-30', 40),
(849, 'p2-5', '2010-12-01', '2010-12-31', 36),
(850, 'p2-5', '2011-01-01', '2011-01-31', 37),
(851, 'p2-5', '2011-02-01', '2011-02-28', 48),
(852, 'p2-5', '2011-03-01', '2011-03-31', 61),
(853, 'p2-5', '2011-04-01', '2011-04-30', 68),
(854, 'p2-5', '2011-05-01', '2011-05-31', 72),
(855, 'p2-5', '2011-06-01', '2011-06-30', 78),
(856, 'p2-5', '2011-07-01', '2011-07-31', 89),
(857, 'p2-5', '2011-08-01', '2011-08-31', 75),
(858, 'p2-5', '2011-09-01', '2011-09-30', 66),
(859, 'p2-5', '2011-10-01', '2011-10-31', 58),
(860, 'p2-6', '2008-01-01', '2008-01-31', 49),
(861, 'p2-6', '2008-02-01', '2008-02-29', 44),
(862, 'p2-6', '2008-03-01', '2008-03-31', 39),
(863, 'p2-6', '2008-04-01', '2008-04-30', 36),
(864, 'p2-6', '2008-05-01', '2008-05-31', 35),
(865, 'p2-6', '2008-06-01', '2008-06-30', 39),
(866, 'p2-6', '2008-07-01', '2008-07-31', 43),
(867, 'p2-6', '2008-08-01', '2008-08-31', 48),
(868, 'p2-6', '2008-09-01', '2008-09-30', 52),
(869, 'p2-6', '2008-10-01', '2008-10-31', 57),
(870, 'p2-6', '2008-11-01', '2008-11-30', 65),
(871, 'p2-6', '2008-12-01', '2008-12-31', 59),
(872, 'p2-6', '2009-01-01', '2009-01-31', 53),
(873, 'p2-6', '2009-02-01', '2009-02-28', 46),
(874, 'p2-6', '2009-03-01', '2009-03-31', 42),
(875, 'p2-6', '2009-04-01', '2009-04-30', 39),
(876, 'p2-6', '2009-05-01', '2009-05-31', 33),
(877, 'p2-6', '2009-06-01', '2009-06-30', 37),
(878, 'p2-6', '2009-07-01', '2009-07-31', 38),
(879, 'p2-6', '2009-08-01', '2009-08-31', 44),
(880, 'p2-6', '2009-09-01', '2009-09-30', 51),
(908, 'p2-6', '2009-10-01', '2009-10-31', 52),
(909, 'p2-6', '2009-11-01', '2009-11-30', 58),
(910, 'p2-6', '2009-12-01', '2009-12-31', 57),
(911, 'p2-6', '2010-01-01', '2010-01-31', 54),
(912, 'p2-6', '2010-02-01', '2010-02-28', 49),
(913, 'p2-6', '2010-03-01', '2010-03-31', 46),
(914, 'p2-6', '2010-04-01', '2010-04-30', 41),
(915, 'p2-6', '2010-05-01', '2010-05-31', 38),
(916, 'p2-6', '2010-06-01', '2010-06-30', 36),
(917, 'p2-6', '2010-07-01', '2010-07-31', 40),
(918, 'p2-6', '2010-08-01', '2010-08-31', 42),
(919, 'p2-6', '2010-09-01', '2010-09-30', 44),
(920, 'p2-6', '2010-10-01', '2010-10-31', 49),
(921, 'p2-6', '2010-11-01', '2010-11-30', 47),
(922, 'p2-6', '2010-12-01', '2010-12-31', 43),
(923, 'p2-6', '2011-01-01', '2011-01-31', 41),
(924, 'p2-6', '2011-02-01', '2011-02-28', 37),
(925, 'p2-6', '2011-03-01', '2011-03-31', 36),
(926, 'p2-6', '2011-04-01', '2011-04-30', 33),
(927, 'p2-6', '2011-05-01', '2011-05-31', 35),
(928, 'p2-6', '2011-06-01', '2011-06-30', 37),
(929, 'p2-6', '2011-07-01', '2011-07-31', 39),
(930, 'p2-6', '2011-08-01', '2011-08-31', 43),
(931, 'p2-6', '2011-09-01', '2011-09-30', 44),
(932, 'p2-6', '2011-10-01', '2011-10-31', 43),
(933, 'p2-7', '2008-01-01', '2008-01-31', 0),
(934, 'p2-7', '2008-02-01', '2008-02-29', 2),
(935, 'p2-7', '2008-03-01', '2008-03-31', 1),
(936, 'p2-7', '2008-04-01', '2008-04-30', 4),
(937, 'p2-7', '2008-05-01', '2008-05-31', 6),
(938, 'p2-7', '2008-06-01', '2008-06-30', 7),
(939, 'p2-7', '2008-07-01', '2008-07-31', 3),
(940, 'p2-7', '2008-08-01', '2008-08-31', 2),
(941, 'p2-7', '2008-09-01', '2008-09-30', 1),
(942, 'p2-7', '2008-10-01', '2008-10-31', 3),
(943, 'p2-7', '2008-11-01', '2008-11-30', 1),
(944, 'p2-7', '2008-12-01', '2008-12-31', 0),
(945, 'p2-7', '2009-01-01', '2009-01-31', 1),
(946, 'p2-7', '2009-02-01', '2009-02-28', 3),
(947, 'p2-7', '2009-03-01', '2009-03-31', 0),
(948, 'p2-7', '2009-04-01', '2009-04-30', 3),
(949, 'p2-7', '2009-05-01', '2009-05-31', 5),
(950, 'p2-7', '2009-06-01', '2009-06-30', 6),
(951, 'p2-7', '2009-07-01', '2009-07-31', 7),
(952, 'p2-7', '2009-08-01', '2009-08-31', 3),
(953, 'p2-7', '2009-09-01', '2009-09-30', 1),
(954, 'p2-7', '2009-10-01', '2009-10-31', 2),
(955, 'p2-7', '2009-11-01', '2009-11-30', 0),
(956, 'p2-7', '2009-12-01', '2009-12-31', 1),
(957, 'p2-7', '2010-01-01', '2010-01-31', 2),
(958, 'p2-7', '2010-02-01', '2010-02-28', 1),
(959, 'p2-7', '2010-03-01', '2010-03-31', 1),
(960, 'p2-7', '2010-04-01', '2010-04-30', 2),
(961, 'p2-7', '2010-05-01', '2010-05-31', 4),
(962, 'p2-7', '2010-06-01', '2010-06-30', 8),
(963, 'p2-7', '2010-07-01', '2010-07-31', 6),
(964, 'p2-7', '2010-08-01', '2010-08-31', 4),
(965, 'p2-7', '2010-09-01', '2010-09-30', 2),
(966, 'p2-7', '2010-10-01', '2010-10-31', 1),
(967, 'p2-7', '2010-11-01', '2010-11-30', 1),
(968, 'p2-7', '2010-12-01', '2010-12-31', 0),
(969, 'p2-7', '2011-01-01', '2011-01-31', 1),
(970, 'p2-7', '2011-02-01', '2011-02-28', 2),
(971, 'p2-7', '2011-03-01', '2011-03-31', 1),
(972, 'p2-7', '2011-04-01', '2011-04-30', 2),
(973, 'p2-7', '2011-05-01', '2011-05-31', 3),
(974, 'p2-7', '2011-06-01', '2011-06-30', 5),
(975, 'p2-7', '2011-07-01', '2011-07-31', 4),
(976, 'p2-7', '2011-08-01', '2011-08-31', 3),
(977, 'p2-7', '2011-09-01', '2011-09-30', 2),
(978, 'p2-7', '2011-10-01', '2011-10-31', 0),
(979, 'p2-8', '2008-01-01', '2008-01-31', 2),
(980, 'p2-8', '2008-02-01', '2008-02-29', 12),
(981, 'p2-8', '2008-03-01', '2008-03-31', 7),
(982, 'p2-8', '2008-04-01', '2008-04-30', 16),
(983, 'p2-8', '2008-05-01', '2008-05-31', 23),
(984, 'p2-8', '2008-06-01', '2008-06-30', 26),
(985, 'p2-8', '2008-07-01', '2008-07-31', 12),
(986, 'p2-8', '2008-08-01', '2008-08-31', 11),
(987, 'p2-8', '2008-09-01', '2008-09-30', 6),
(988, 'p2-8', '2008-10-01', '2008-10-31', 12),
(989, 'p2-8', '2008-11-01', '2008-11-30', 9),
(990, 'p2-8', '2008-12-01', '2008-12-31', 6),
(991, 'p2-8', '2009-01-01', '2009-01-31', 7),
(992, 'p2-8', '2009-02-01', '2009-02-28', 11),
(993, 'p2-8', '2009-03-01', '2009-03-31', 6),
(994, 'p2-8', '2009-04-01', '2009-04-30', 12),
(995, 'p2-8', '2009-05-01', '2009-05-31', 17),
(996, 'p2-8', '2009-06-01', '2009-06-30', 21),
(997, 'p2-8', '2009-07-01', '2009-07-31', 25),
(998, 'p2-8', '2009-08-01', '2009-08-31', 15),
(999, 'p2-8', '2009-09-01', '2009-09-30', 6),
(1000, 'p2-8', '2009-10-01', '2009-10-31', 9),
(1001, 'p2-8', '2009-11-01', '2009-11-30', 5),
(1002, 'p2-8', '2009-12-01', '2009-12-31', 7),
(1003, 'p2-8', '2010-01-01', '2010-01-31', 12),
(1004, 'p2-8', '2010-02-01', '2010-02-28', 9),
(1005, 'p2-8', '2010-03-01', '2010-03-31', 9),
(1006, 'p2-8', '2010-04-01', '2010-04-30', 8),
(1035, 'p2-8', '2010-05-01', '2010-05-31', 14),
(1036, 'p2-8', '2010-06-01', '2010-06-30', 30),
(1037, 'p2-8', '2010-07-01', '2010-07-31', 23),
(1038, 'p2-8', '2010-08-01', '2010-08-31', 17),
(1039, 'p2-8', '2010-09-01', '2010-09-30', 10),
(1040, 'p2-8', '2010-10-01', '2010-10-31', 9),
(1041, 'p2-8', '2010-11-01', '2010-11-30', 7),
(1042, 'p2-8', '2010-12-01', '2010-12-31', 6),
(1043, 'p2-8', '2011-01-01', '2011-01-31', 9),
(1044, 'p2-8', '2011-02-01', '2011-02-28', 12),
(1045, 'p2-8', '2011-03-01', '2011-03-31', 6),
(1046, 'p2-8', '2011-04-01', '2011-04-30', 10),
(1047, 'p2-8', '2011-05-01', '2011-05-31', 12),
(1048, 'p2-8', '2011-06-01', '2011-06-30', 17),
(1049, 'p2-8', '2011-07-01', '2011-07-31', 17),
(1050, 'p2-8', '2011-08-01', '2011-08-31', 15),
(1051, 'p2-8', '2011-09-01', '2011-09-30', 10),
(1052, 'p2-8', '2011-10-01', '2011-10-31', 6),
(1053, 'p2-9', '2008-01-01', '2008-01-31', 0),
(1054, 'p2-9', '2008-02-01', '2008-02-29', 0),
(1055, 'p2-9', '2008-03-01', '2008-03-31', 0),
(1056, 'p2-9', '2008-04-01', '2008-04-30', 5),
(1057, 'p2-9', '2008-05-01', '2008-05-31', 6),
(1058, 'p2-9', '2008-06-01', '2008-06-30', 0),
(1059, 'p2-9', '2008-07-01', '2008-07-31', 0),
(1060, 'p2-9', '2008-08-01', '2008-08-31', 0),
(1061, 'p2-9', '2008-09-01', '2008-09-30', 0),
(1062, 'p2-9', '2008-10-01', '2008-10-31', 0),
(1063, 'p2-9', '2008-11-01', '2008-11-30', 0),
(1064, 'p2-9', '2008-12-01', '2008-12-31', 0),
(1065, 'p2-9', '2009-01-01', '2009-01-31', 0),
(1066, 'p2-9', '2009-02-01', '2009-02-28', 0),
(1067, 'p2-9', '2009-03-01', '2009-03-31', 0),
(1068, 'p2-9', '2009-04-01', '2009-04-30', 3),
(1069, 'p2-9', '2009-05-01', '2009-05-31', 6),
(1070, 'p2-9', '2009-06-01', '2009-06-30', 4),
(1071, 'p2-9', '2009-07-01', '2009-07-31', 0),
(1072, 'p2-9', '2009-08-01', '2009-08-31', 0),
(1073, 'p2-9', '2009-09-01', '2009-09-30', 0),
(1074, 'p2-9', '2009-10-01', '2009-10-31', 0),
(1075, 'p2-9', '2009-11-01', '2009-11-30', 0),
(1076, 'p2-9', '2009-12-01', '2009-12-31', 0),
(1077, 'p2-9', '2010-01-01', '2010-01-31', 0),
(1078, 'p2-9', '2010-02-01', '2010-02-28', 0),
(1079, 'p2-9', '2010-03-01', '2010-03-31', 2),
(1080, 'p2-9', '2010-04-01', '2010-04-30', 5),
(1081, 'p2-9', '2010-05-01', '2010-05-31', 8),
(1082, 'p2-9', '2010-06-01', '2010-06-30', 3),
(1083, 'p2-9', '2010-07-01', '2010-07-31', 0),
(1084, 'p2-9', '2010-08-01', '2010-08-31', 0),
(1085, 'p2-9', '2010-09-01', '2010-09-30', 0),
(1086, 'p2-9', '2010-10-01', '2010-10-31', 0),
(1087, 'p2-9', '2010-11-01', '2010-11-30', 0),
(1088, 'p2-9', '2010-12-01', '2010-12-31', 0),
(1089, 'p2-9', '2011-01-01', '2011-01-31', 0),
(1090, 'p2-9', '2011-02-01', '2011-02-28', 0),
(1091, 'p2-9', '2011-03-01', '2011-03-31', 0),
(1092, 'p2-9', '2011-04-01', '2011-04-30', 3),
(1093, 'p2-9', '2011-05-01', '2011-05-31', 5),
(1094, 'p2-9', '2011-06-01', '2011-06-30', 5),
(1095, 'p2-9', '2011-07-01', '2011-07-31', 2),
(1096, 'p2-9', '2011-08-01', '2011-08-31', 0),
(1097, 'p2-9', '2011-09-01', '2011-09-30', 0),
(1098, 'p2-9', '2011-10-01', '2011-10-31', 0),
(1099, 'p3-1', '2008-01-01', '2008-01-31', 37),
(1100, 'p3-1', '2008-02-01', '2008-02-29', 60),
(1101, 'p3-1', '2008-03-01', '2008-03-31', 72),
(1102, 'p3-1', '2008-04-01', '2008-04-30', 81),
(1103, 'p3-1', '2008-05-01', '2008-05-31', 73),
(1104, 'p3-1', '2008-06-01', '2008-06-30', 33),
(1105, 'p3-1', '2008-07-01', '2008-07-31', 38),
(1106, 'p3-1', '2008-08-01', '2008-08-31', 32),
(1107, 'p3-1', '2008-09-01', '2008-09-30', 31),
(1108, 'p3-1', '2008-10-01', '2008-10-31', 37),
(1109, 'p3-1', '2008-11-01', '2008-11-30', 40),
(1110, 'p3-1', '2008-12-01', '2008-12-31', 36),
(1111, 'p3-1', '2009-01-01', '2009-01-31', 47),
(1112, 'p3-1', '2009-02-01', '2009-02-28', 67),
(1113, 'p3-1', '2009-03-01', '2009-03-31', 81),
(1114, 'p3-1', '2009-04-01', '2009-04-30', 83),
(1115, 'p3-1', '2009-05-01', '2009-05-31', 72),
(1116, 'p3-1', '2009-06-01', '2009-06-30', 44),
(1117, 'p3-1', '2009-07-01', '2009-07-31', 38),
(1118, 'p3-1', '2009-08-01', '2009-08-31', 31),
(1119, 'p3-1', '2009-09-01', '2009-09-30', 35),
(1120, 'p3-1', '2009-10-01', '2009-10-31', 32),
(1121, 'p3-1', '2009-11-01', '2009-11-30', 39),
(1122, 'p3-1', '2009-12-01', '2009-12-31', 42),
(1123, 'p3-1', '2010-01-01', '2010-01-31', 47),
(1124, 'p3-1', '2010-02-01', '2010-02-28', 72),
(1125, 'p3-1', '2010-03-01', '2010-03-31', 87),
(1126, 'p3-1', '2010-04-01', '2010-04-30', 76),
(1127, 'p3-1', '2010-05-01', '2010-05-31', 77),
(1128, 'p3-1', '2010-06-01', '2010-06-30', 43),
(1129, 'p3-1', '2010-07-01', '2010-07-31', 40),
(1130, 'p3-1', '2010-08-01', '2010-08-31', 36),
(1131, 'p3-1', '2010-09-01', '2010-09-30', 41),
(1132, 'p3-1', '2010-10-01', '2010-10-31', 35),
(1133, 'p3-1', '2010-11-01', '2010-11-30', 40),
(1134, 'p3-1', '2010-12-01', '2010-12-31', 46),
(1135, 'p3-1', '2011-01-01', '2011-01-31', 56),
(1163, 'p3-1', '2011-02-01', '2011-02-28', 60),
(1164, 'p3-1', '2011-03-01', '2011-03-31', 76),
(1165, 'p3-1', '2011-04-01', '2011-04-30', 71),
(1166, 'p3-1', '2011-05-01', '2011-05-31', 76),
(1167, 'p3-1', '2011-06-01', '2011-06-30', 77),
(1168, 'p3-1', '2011-07-01', '2011-07-31', 41),
(1169, 'p3-1', '2011-08-01', '2011-08-31', 38),
(1170, 'p3-1', '2011-09-01', '2011-09-30', 38),
(1171, 'p3-1', '2011-10-01', '2011-10-31', 39),
(1172, 'p3-2', '2008-01-01', '2008-01-31', 35),
(1173, 'p3-2', '2008-02-01', '2008-02-29', 23),
(1174, 'p3-2', '2008-03-01', '2008-03-31', 23),
(1175, 'p3-2', '2008-04-01', '2008-04-30', 22),
(1176, 'p3-2', '2008-05-01', '2008-05-31', 20),
(1177, 'p3-2', '2008-06-01', '2008-06-30', 23),
(1178, 'p3-2', '2008-07-01', '2008-07-31', 31),
(1179, 'p3-2', '2008-08-01', '2008-08-31', 33),
(1180, 'p3-2', '2008-09-01', '2008-09-30', 39),
(1181, 'p3-2', '2008-10-01', '2008-10-31', 32),
(1182, 'p3-2', '2008-11-01', '2008-11-30', 26),
(1183, 'p3-2', '2008-12-01', '2008-12-31', 17),
(1184, 'p3-2', '2009-01-01', '2009-01-31', 18),
(1185, 'p3-2', '2009-02-01', '2009-02-28', 21),
(1186, 'p3-2', '2009-03-01', '2009-03-31', 17),
(1187, 'p3-2', '2009-04-01', '2009-04-30', 16),
(1188, 'p3-2', '2009-05-01', '2009-05-31', 24),
(1189, 'p3-2', '2009-06-01', '2009-06-30', 25),
(1190, 'p3-2', '2009-07-01', '2009-07-31', 28),
(1191, 'p3-2', '2009-08-01', '2009-08-31', 38),
(1192, 'p3-2', '2009-09-01', '2009-09-30', 36),
(1193, 'p3-2', '2009-10-01', '2009-10-31', 39),
(1194, 'p3-2', '2009-11-01', '2009-11-30', 25),
(1195, 'p3-2', '2009-12-01', '2009-12-31', 18),
(1196, 'p3-2', '2010-01-01', '2010-01-31', 21),
(1197, 'p3-2', '2010-02-01', '2010-02-28', 20),
(1198, 'p3-2', '2010-03-01', '2010-03-31', 20),
(1199, 'p3-2', '2010-04-01', '2010-04-30', 23),
(1200, 'p3-2', '2010-05-01', '2010-05-31', 24),
(1201, 'p3-2', '2010-06-01', '2010-06-30', 26),
(1202, 'p3-2', '2010-07-01', '2010-07-31', 38),
(1203, 'p3-2', '2010-08-01', '2010-08-31', 34),
(1204, 'p3-2', '2010-09-01', '2010-09-30', 32),
(1205, 'p3-2', '2010-10-01', '2010-10-31', 32),
(1206, 'p3-2', '2010-11-01', '2010-11-30', 26),
(1207, 'p3-2', '2010-12-01', '2010-12-31', 19),
(1208, 'p3-2', '2011-01-01', '2011-01-31', 23),
(1209, 'p3-2', '2011-02-01', '2011-02-28', 25),
(1210, 'p3-2', '2011-03-01', '2011-03-31', 23),
(1211, 'p3-2', '2011-04-01', '2011-04-30', 19),
(1212, 'p3-2', '2011-05-01', '2011-05-31', 27),
(1213, 'p3-2', '2011-06-01', '2011-06-30', 27),
(1214, 'p3-2', '2011-07-01', '2011-07-31', 28),
(1215, 'p3-2', '2011-08-01', '2011-08-31', 32),
(1216, 'p3-2', '2011-09-01', '2011-09-30', 36),
(1217, 'p3-2', '2011-10-01', '2011-10-31', 36),
(1218, 'p3-3', '2008-01-01', '2008-01-31', 22),
(1219, 'p3-3', '2008-02-01', '2008-02-29', 26),
(1220, 'p3-3', '2008-03-01', '2008-03-31', 26),
(1221, 'p3-3', '2008-04-01', '2008-04-30', 29),
(1222, 'p3-3', '2008-05-01', '2008-05-31', 10),
(1223, 'p3-3', '2008-06-01', '2008-06-30', 12),
(1224, 'p3-3', '2008-07-01', '2008-07-31', 11),
(1225, 'p3-3', '2008-08-01', '2008-08-31', 10),
(1226, 'p3-3', '2008-09-01', '2008-09-30', 10),
(1227, 'p3-3', '2008-10-01', '2008-10-31', 11),
(1228, 'p3-3', '2008-11-01', '2008-11-30', 14),
(1229, 'p3-3', '2008-12-01', '2008-12-31', 13),
(1230, 'p3-3', '2009-01-01', '2009-01-31', 22),
(1231, 'p3-3', '2009-02-01', '2009-02-28', 27),
(1232, 'p3-3', '2009-03-01', '2009-03-31', 29),
(1233, 'p3-3', '2009-04-01', '2009-04-30', 29),
(1234, 'p3-3', '2009-05-01', '2009-05-31', 14),
(1235, 'p3-3', '2009-06-01', '2009-06-30', 14),
(1236, 'p3-3', '2009-07-01', '2009-07-31', 11),
(1237, 'p3-3', '2009-08-01', '2009-08-31', 12),
(1238, 'p3-3', '2009-09-01', '2009-09-30', 10),
(1239, 'p3-3', '2009-10-01', '2009-10-31', 13),
(1240, 'p3-3', '2009-11-01', '2009-11-30', 13),
(1241, 'p3-3', '2009-12-01', '2009-12-31', 13),
(1242, 'p3-3', '2010-01-01', '2010-01-31', 23),
(1243, 'p3-3', '2010-02-01', '2010-02-28', 30),
(1244, 'p3-3', '2010-03-01', '2010-03-31', 32),
(1245, 'p3-3', '2010-04-01', '2010-04-30', 31),
(1246, 'p3-3', '2010-05-01', '2010-05-31', 17),
(1247, 'p3-3', '2010-06-01', '2010-06-30', 15),
(1248, 'p3-3', '2010-07-01', '2010-07-31', 12),
(1249, 'p3-3', '2010-08-01', '2010-08-31', 12),
(1250, 'p3-3', '2010-09-01', '2010-09-30', 12),
(1251, 'p3-3', '2010-10-01', '2010-10-31', 13),
(1252, 'p3-3', '2010-11-01', '2010-11-30', 17),
(1253, 'p3-3', '2010-12-01', '2010-12-31', 16),
(1254, 'p3-3', '2011-01-01', '2011-01-31', 17),
(1255, 'p3-3', '2011-02-01', '2011-02-28', 23),
(1256, 'p3-3', '2011-03-01', '2011-03-31', 28),
(1257, 'p3-3', '2011-04-01', '2011-04-30', 32),
(1258, 'p3-3', '2011-05-01', '2011-05-31', 32),
(1259, 'p3-3', '2011-06-01', '2011-06-30', 17),
(1260, 'p3-3', '2011-07-01', '2011-07-31', 14),
(1261, 'p3-3', '2011-08-01', '2011-08-31', 13),
(1290, 'p3-3', '2011-09-01', '2011-09-30', 12),
(1291, 'p3-3', '2011-10-01', '2011-10-31', 13),
(1293, 'p3-4', '2008-01-01', '2008-01-31', 3),
(1294, 'p3-4', '2008-02-01', '2008-02-29', 5),
(1295, 'p3-4', '2008-03-01', '2008-03-31', 12),
(1296, 'p3-4', '2008-04-01', '2008-04-30', 23),
(1297, 'p3-4', '2008-05-01', '2008-05-31', 32),
(1298, 'p3-4', '2008-06-01', '2008-06-30', 35),
(1299, 'p3-4', '2008-07-01', '2008-07-31', 34),
(1300, 'p3-4', '2008-08-01', '2008-08-31', 56),
(1301, 'p3-4', '2008-09-01', '2008-09-30', 77),
(1302, 'p3-4', '2008-10-01', '2008-10-31', 63),
(1303, 'p3-4', '2008-11-01', '2008-11-30', 32),
(1304, 'p3-4', '2008-12-01', '2008-12-31', 12),
(1305, 'p3-4', '2009-01-01', '2009-01-31', 6),
(1306, 'p3-4', '2009-02-01', '2009-02-28', 4),
(1307, 'p3-4', '2009-03-01', '2009-03-31', 15),
(1308, 'p3-4', '2009-04-01', '2009-04-30', 22),
(1309, 'p3-4', '2009-05-01', '2009-05-31', 28),
(1310, 'p3-4', '2009-06-01', '2009-06-30', 32),
(1311, 'p3-4', '2009-07-01', '2009-07-31', 33),
(1312, 'p3-4', '2009-08-01', '2009-08-31', 45),
(1313, 'p3-4', '2009-09-01', '2009-09-30', 54),
(1314, 'p3-4', '2009-10-01', '2009-10-31', 46),
(1315, 'p3-4', '2009-11-01', '2009-11-30', 28),
(1316, 'p3-4', '2009-12-01', '2009-12-31', 8),
(1317, 'p3-4', '2010-01-01', '2010-01-31', 6),
(1318, 'p3-4', '2010-02-01', '2010-02-28', 12),
(1319, 'p3-4', '2010-03-01', '2010-03-31', 18),
(1320, 'p3-4', '2010-04-01', '2010-04-30', 24),
(1321, 'p3-4', '2010-05-01', '2010-05-31', 29),
(1322, 'p3-4', '2010-06-01', '2010-06-30', 31),
(1323, 'p3-4', '2010-07-01', '2010-07-31', 37),
(1324, 'p3-4', '2010-08-01', '2010-08-31', 42),
(1325, 'p3-4', '2010-09-01', '2010-09-30', 35),
(1326, 'p3-4', '2010-10-01', '2010-10-31', 24),
(1327, 'p3-4', '2010-11-01', '2010-11-30', 10),
(1328, 'p3-4', '2010-12-01', '2010-12-31', 6),
(1329, 'p3-4', '2011-01-01', '2011-01-31', 4),
(1330, 'p3-4', '2011-02-01', '2011-02-28', 10),
(1331, 'p3-4', '2011-03-01', '2011-03-31', 16),
(1332, 'p3-4', '2011-04-01', '2011-04-30', 21),
(1333, 'p3-4', '2011-05-01', '2011-05-31', 25),
(1334, 'p3-4', '2011-06-01', '2011-06-30', 28),
(1335, 'p3-4', '2011-07-01', '2011-07-31', 32),
(1336, 'p3-4', '2011-08-01', '2011-08-31', 35),
(1337, 'p3-4', '2011-09-01', '2011-09-30', 29),
(1338, 'p3-4', '2011-10-01', '2011-10-31', 18),
(1339, 'p3-5', '2008-01-01', '2008-01-31', 2),
(1340, 'p3-5', '2008-02-01', '2008-02-29', 2),
(1341, 'p3-5', '2008-03-01', '2008-03-31', 3),
(1342, 'p3-5', '2008-04-01', '2008-04-30', 6),
(1343, 'p3-5', '2008-05-01', '2008-05-31', 9),
(1344, 'p3-5', '2008-06-01', '2008-06-30', 14),
(1345, 'p3-5', '2008-07-01', '2008-07-31', 23),
(1346, 'p3-5', '2008-08-01', '2008-08-31', 15),
(1347, 'p3-5', '2008-09-01', '2008-09-30', 9),
(1348, 'p3-5', '2008-10-01', '2008-10-31', 5),
(1349, 'p3-5', '2008-11-01', '2008-11-30', 4),
(1350, 'p3-5', '2008-12-01', '2008-12-31', 2),
(1351, 'p3-5', '2009-01-01', '2009-01-31', 4),
(1352, 'p3-5', '2009-02-01', '2009-02-28', 6),
(1353, 'p3-5', '2009-03-01', '2009-03-31', 7),
(1354, 'p3-5', '2009-04-01', '2009-04-30', 11),
(1355, 'p3-5', '2009-05-01', '2009-05-31', 14),
(1356, 'p3-5', '2009-06-01', '2009-06-30', 20),
(1357, 'p3-5', '2009-07-01', '2009-07-31', 27),
(1358, 'p3-5', '2009-08-01', '2009-08-31', 21),
(1359, 'p3-5', '2009-09-01', '2009-09-30', 13),
(1360, 'p3-5', '2009-10-01', '2009-10-31', 6),
(1361, 'p3-5', '2009-11-01', '2009-11-30', 3),
(1362, 'p3-5', '2009-12-01', '2009-12-31', 4),
(1363, 'p3-5', '2010-01-01', '2010-01-31', 6),
(1364, 'p3-5', '2010-02-01', '2010-02-28', 9),
(1365, 'p3-5', '2010-03-01', '2010-03-31', 12),
(1366, 'p3-5', '2010-04-01', '2010-04-30', 14),
(1367, 'p3-5', '2010-05-01', '2010-05-31', 18),
(1368, 'p3-5', '2010-06-01', '2010-06-30', 25),
(1369, 'p3-5', '2010-07-01', '2010-07-31', 31),
(1370, 'p3-5', '2010-08-01', '2010-08-31', 25),
(1371, 'p3-5', '2010-09-01', '2010-09-30', 17),
(1372, 'p3-5', '2010-10-01', '2010-10-31', 11),
(1373, 'p3-5', '2010-11-01', '2010-11-30', 6),
(1374, 'p3-5', '2010-12-01', '2010-12-31', 8),
(1375, 'p3-5', '2011-01-01', '2011-01-31', 12),
(1376, 'p3-5', '2011-02-01', '2011-02-28', 15),
(1377, 'p3-5', '2011-03-01', '2011-03-31', 17),
(1378, 'p3-5', '2011-04-01', '2011-04-30', 21),
(1379, 'p3-5', '2011-05-01', '2011-05-31', 26),
(1380, 'p3-5', '2011-06-01', '2011-06-30', 32),
(1381, 'p3-5', '2011-07-01', '2011-07-31', 35);
INSERT INTO `temp_support_history` (`id`, `support_type_code`, `start_date`, `end_date`, `support_request_count`) VALUES
(1382, 'p3-5', '2011-08-01', '2011-08-31', 33),
(1383, 'p3-5', '2011-09-01', '2011-09-30', 28),
(1384, 'p3-5', '2011-10-01', '2011-10-31', 16),
(1385, 'p4-1', '2008-01-01', '2008-01-31', 45),
(1386, 'p4-1', '2008-02-01', '2008-02-29', 51),
(1387, 'p4-1', '2008-03-01', '2008-03-31', 61),
(1388, 'p4-1', '2008-04-01', '2008-04-30', 71),
(1389, 'p4-1', '2008-05-01', '2008-05-31', 70),
(1390, 'p4-1', '2008-06-01', '2008-06-30', 79),
(1391, 'p4-1', '2008-07-01', '2008-07-31', 87),
(1392, 'p4-1', '2008-08-01', '2008-08-31', 94),
(1420, 'p4-1', '2008-09-01', '2008-09-30', 110),
(1421, 'p4-1', '2008-10-01', '2008-10-31', 97),
(1422, 'p4-1', '2008-11-01', '2008-11-30', 62),
(1423, 'p4-1', '2008-12-01', '2008-12-31', 44),
(1424, 'p4-1', '2009-01-01', '2009-01-31', 44),
(1425, 'p4-1', '2009-02-01', '2009-02-28', 51),
(1426, 'p4-1', '2009-03-01', '2009-03-31', 64),
(1427, 'p4-1', '2009-04-01', '2009-04-30', 77),
(1428, 'p4-1', '2009-05-01', '2009-05-31', 70),
(1429, 'p4-1', '2009-06-01', '2009-06-30', 80),
(1430, 'p4-1', '2009-07-01', '2009-07-31', 85),
(1431, 'p4-1', '2009-08-01', '2009-08-31', 95),
(1432, 'p4-1', '2009-09-01', '2009-09-30', 96),
(1433, 'p4-1', '2009-10-01', '2009-10-31', 78),
(1434, 'p4-1', '2009-11-01', '2009-11-30', 56),
(1435, 'p4-1', '2009-12-01', '2009-12-31', 43),
(1436, 'p4-1', '2010-01-01', '2010-01-31', 50),
(1437, 'p4-1', '2010-02-01', '2010-02-28', 68),
(1438, 'p4-1', '2010-03-01', '2010-03-31', 78),
(1439, 'p4-1', '2010-04-01', '2010-04-30', 83),
(1440, 'p4-1', '2010-05-01', '2010-05-31', 78),
(1441, 'p4-1', '2010-06-01', '2010-06-30', 85),
(1442, 'p4-1', '2010-07-01', '2010-07-31', 98),
(1443, 'p4-1', '2010-08-01', '2010-08-31', 91),
(1444, 'p4-1', '2010-09-01', '2010-09-30', 80),
(1445, 'p4-1', '2010-10-01', '2010-10-31', 68),
(1446, 'p4-1', '2010-11-01', '2010-11-30', 53),
(1447, 'p4-1', '2010-12-01', '2010-12-31', 49),
(1448, 'p4-1', '2011-01-01', '2011-01-31', 46),
(1449, 'p4-1', '2011-02-01', '2011-02-28', 66),
(1450, 'p4-1', '2011-03-01', '2011-03-31', 75),
(1451, 'p4-1', '2011-04-01', '2011-04-30', 88),
(1452, 'p4-1', '2011-05-01', '2011-05-31', 101),
(1453, 'p4-1', '2011-06-01', '2011-06-30', 93),
(1454, 'p4-1', '2011-07-01', '2011-07-31', 99),
(1455, 'p4-1', '2011-08-01', '2011-08-31', 94),
(1456, 'p4-1', '2011-09-01', '2011-09-30', 88),
(1457, 'p4-1', '2011-10-01', '2011-10-31', 63),
(1458, 'p4-2', '2008-01-01', '2008-01-31', 29),
(1459, 'p4-2', '2008-02-01', '2008-02-29', 28),
(1460, 'p4-2', '2008-03-01', '2008-03-31', 31),
(1461, 'p4-2', '2008-04-01', '2008-04-30', 32),
(1462, 'p4-2', '2008-05-01', '2008-05-31', 34),
(1463, 'p4-2', '2008-06-01', '2008-06-30', 35),
(1464, 'p4-2', '2008-07-01', '2008-07-31', 43),
(1465, 'p4-2', '2008-08-01', '2008-08-31', 48),
(1466, 'p4-2', '2008-09-01', '2008-09-30', 54),
(1467, 'p4-2', '2008-10-01', '2008-10-31', 47),
(1468, 'p4-2', '2008-11-01', '2008-11-30', 34),
(1469, 'p4-2', '2008-12-01', '2008-12-31', 23),
(1470, 'p4-2', '2009-01-01', '2009-01-31', 21),
(1471, 'p4-2', '2009-02-01', '2009-02-28', 28),
(1472, 'p4-2', '2009-03-01', '2009-03-31', 30),
(1473, 'p4-2', '2009-04-01', '2009-04-30', 36),
(1474, 'p4-2', '2009-05-01', '2009-05-31', 32),
(1475, 'p4-2', '2009-06-01', '2009-06-30', 36),
(1476, 'p4-2', '2009-07-01', '2009-07-31', 41),
(1477, 'p4-2', '2009-08-01', '2009-08-31', 49),
(1478, 'p4-2', '2009-09-01', '2009-09-30', 48),
(1479, 'p4-2', '2009-10-01', '2009-10-31', 40),
(1480, 'p4-2', '2009-11-01', '2009-11-30', 29),
(1481, 'p4-2', '2009-12-01', '2009-12-31', 26),
(1482, 'p4-2', '2010-01-01', '2010-01-31', 27),
(1483, 'p4-2', '2010-02-01', '2010-02-28', 29),
(1484, 'p4-2', '2010-03-01', '2010-03-31', 35),
(1485, 'p4-2', '2010-04-01', '2010-04-30', 38),
(1486, 'p4-2', '2010-05-01', '2010-05-31', 37),
(1487, 'p4-2', '2010-06-01', '2010-06-30', 41),
(1488, 'p4-2', '2010-07-01', '2010-07-31', 50),
(1489, 'p4-2', '2010-08-01', '2010-08-31', 49),
(1490, 'p4-2', '2010-09-01', '2010-09-30', 41),
(1491, 'p4-2', '2010-10-01', '2010-10-31', 36),
(1492, 'p4-2', '2010-11-01', '2010-11-30', 30),
(1493, 'p4-2', '2010-12-01', '2010-12-31', 29),
(1494, 'p4-2', '2011-01-01', '2011-01-31', 27),
(1495, 'p4-2', '2011-02-01', '2011-02-28', 33),
(1496, 'p4-2', '2011-03-01', '2011-03-31', 34),
(1497, 'p4-2', '2011-04-01', '2011-04-30', 42),
(1498, 'p4-2', '2011-05-01', '2011-05-31', 45),
(1499, 'p4-2', '2011-06-01', '2011-06-30', 41),
(1500, 'p4-2', '2011-07-01', '2011-07-31', 45),
(1501, 'p4-2', '2011-08-01', '2011-08-31', 45),
(1502, 'p4-2', '2011-09-01', '2011-09-30', 45),
(1503, 'p4-2', '2011-10-01', '2011-10-31', 33),
(1504, 'p4-3', '2008-01-01', '2008-01-31', 23),
(1505, 'p4-3', '2008-02-01', '2008-02-29', 26),
(1506, 'p4-3', '2008-03-01', '2008-03-31', 28),
(1507, 'p4-3', '2008-04-01', '2008-04-30', 47),
(1508, 'p4-3', '2008-05-01', '2008-05-31', 63),
(1509, 'p4-3', '2008-06-01', '2008-06-30', 24),
(1510, 'p4-3', '2008-07-01', '2008-07-31', 28),
(1511, 'p4-3', '2008-08-01', '2008-08-31', 28),
(1512, 'p4-3', '2008-09-01', '2008-09-30', 31),
(1513, 'p4-3', '2008-10-01', '2008-10-31', 11),
(1514, 'p4-3', '2008-11-01', '2008-11-30', 13),
(1515, 'p4-3', '2008-12-01', '2008-12-31', 11),
(1516, 'p4-3', '2009-01-01', '2009-01-31', 19),
(1517, 'p4-3', '2009-02-01', '2009-02-28', 32),
(1518, 'p4-3', '2009-03-01', '2009-03-31', 40),
(1547, 'p4-3', '2009-04-01', '2009-04-30', 48),
(1548, 'p4-3', '2009-05-01', '2009-05-31', 50),
(1549, 'p4-3', '2009-06-01', '2009-06-30', 23),
(1550, 'p4-3', '2009-07-01', '2009-07-31', 29),
(1551, 'p4-3', '2009-08-01', '2009-08-31', 31),
(1552, 'p4-3', '2009-09-01', '2009-09-30', 31),
(1553, 'p4-3', '2009-10-01', '2009-10-31', 14),
(1554, 'p4-3', '2009-11-01', '2009-11-30', 14),
(1555, 'p4-3', '2009-12-01', '2009-12-31', 11),
(1556, 'p4-3', '2010-01-01', '2010-01-31', 17),
(1557, 'p4-3', '2010-02-01', '2010-02-28', 38),
(1558, 'p4-3', '2010-03-01', '2010-03-31', 45),
(1559, 'p4-3', '2010-04-01', '2010-04-30', 56),
(1560, 'p4-3', '2010-05-01', '2010-05-31', 62),
(1561, 'p4-3', '2010-06-01', '2010-06-30', 25),
(1562, 'p4-3', '2010-07-01', '2010-07-31', 32),
(1563, 'p4-3', '2010-08-01', '2010-08-31', 34),
(1564, 'p4-3', '2010-09-01', '2010-09-30', 34),
(1565, 'p4-3', '2010-10-01', '2010-10-31', 17),
(1566, 'p4-3', '2010-11-01', '2010-11-30', 15),
(1567, 'p4-3', '2010-12-01', '2010-12-31', 13),
(1568, 'p4-3', '2011-01-01', '2011-01-31', 24),
(1569, 'p4-3', '2011-02-01', '2011-02-28', 35),
(1570, 'p4-3', '2011-03-01', '2011-03-31', 43),
(1571, 'p4-3', '2011-04-01', '2011-04-30', 54),
(1572, 'p4-3', '2011-05-01', '2011-05-31', 58),
(1573, 'p4-3', '2011-06-01', '2011-06-30', 18),
(1574, 'p4-3', '2011-07-01', '2011-07-31', 25),
(1575, 'p4-3', '2011-08-01', '2011-08-31', 31),
(1576, 'p4-3', '2011-09-01', '2011-09-30', 34),
(1577, 'p4-3', '2011-10-01', '2011-10-31', 35);

/*!40101 SET CHARACTER_SET_CLIENT=@OLD_CHARACTER_SET_CLIENT */;
/*!40101 SET CHARACTER_SET_RESULTS=@OLD_CHARACTER_SET_RESULTS */;
/*!40101 SET COLLATION_CONNECTION=@OLD_COLLATION_CONNECTION */;
